Date,Shift,Machine,Product,Quantity,Inventory
2025-01-01,1,Machine 1,ABC136,150.0,150.0
2025-01-01,1,Machine 2,ABC125,220.0,220.0
2025-01-01,1,Machine 3,ABC128,286.0,286.0
2025-01-01,2,Machine 1,ABC133,150.0,150.0
2025-01-01,2,Machine 2,ABC134,0.0,0.0
2025-01-01,2,Machine 3,ABC126,0.0,0.0
2025-01-01,3,Machine 1,ABC133,150.0,300.0
2025-01-01,3,Machine 2,ABC134,0.0,0.0
2025-01-01,3,Machine 3,ABC131,195.0,195.0
2025-01-02,1,Machine 1,ABC135,150.0,150.0
2025-01-02,1,Machine 2,ABC134,0.0,0.0
2025-01-02,1,Machine 3,ABC128,57.19999999999999,343.2
2025-01-02,2,Machine 1,ABC123,0.0,0.0
2025-01-02,2,Machine 2,ABC132,0.0,0.0
2025-01-02,2,Machine 3,ABC128,286.0,629.2
2025-01-02,3,Machine 1,ABC131,150.0,345.0
2025-01-02,3,Machine 2,ABC134,0.0,0.0
2025-01-02,3,Machine 3,ABC128,286.0,915.2
2025-01-03,1,Machine 1,ABC130,150.0,150.0
2025-01-03,1,Machine 2,None,0.0,0.0
2025-01-03,1,Machine 3,ABC128,286.0,1201.2
2025-01-03,2,Machine 1,ABC130,189.0,339.0
2025-01-03,2,Machine 2,ABC130,189.0,339.0
2025-01-03,2,Machine 3,ABC130,189.0,339.0
2025-01-03,3,Machine 1,ABC135,0.0,150.0
2025-01-03,3,Machine 2,ABC130,0.0,339.0
2025-01-03,3,Machine 3,ABC135,0.0,150.0
2025-01-06,1,Machine 1,ABC135,150.0,300.0
2025-01-06,1,Machine 2,ABC130,0.0,339.0
2025-01-06,1,Machine 3,ABC135,150.0,300.0
2025-01-06,2,Machine 1,ABC128,0.0,0.0
2025-01-06,2,Machine 2,ABC130,0.0,199.0
2025-01-06,2,Machine 3,ABC127,286.0,286.0
2025-01-06,3,Machine 1,ABC130,0.0,59.0
2025-01-06,3,Machine 2,ABC125,220.0,220.0
2025-01-06,3,Machine 3,ABC127,286.0,286.0
2025-01-07,1,Machine 1,None,0.0,0.0
2025-01-07,1,Machine 2,ABC125,220.0,220.0
2025-01-07,1,Machine 3,ABC127,286.0,286.0
2025-01-07,2,Machine 1,ABC127,220.0,506.0
2025-01-07,2,Machine 2,ABC123,220.0,220.0
2025-01-07,2,Machine 3,ABC129,39.0,39.0
2025-01-07,3,Machine 1,ABC133,0.0,0.0
2025-01-07,3,Machine 2,ABC137,0.0,0.0
2025-01-07,3,Machine 3,ABC130,195.0,195.0
2025-01-08,1,Machine 1,ABC133,150.0,150.0
2025-01-08,1,Machine 2,ABC137,0.0,0.0
2025-01-08,1,Machine 3,ABC132,117.0,117.0
2025-01-08,2,Machine 1,ABC133,150.0,300.0
2025-01-08,2,Machine 2,ABC137,0.0,0.0
2025-01-08,2,Machine 3,ABC134,195.0,195.0
2025-01-08,3,Machine 1,ABC133,150.0,450.0
2025-01-08,3,Machine 2,ABC137,0.0,0.0
2025-01-08,3,Machine 3,ABC134,195.0,390.0
2025-01-09,1,Machine 1,ABC133,150.0,600.0
2025-01-09,1,Machine 2,ABC128,0.0,0.0
2025-01-09,1,Machine 3,None,0.0,0.0
2025-01-09,2,Machine 1,ABC133,150.0,750.0
2025-01-09,2,Machine 2,ABC134,0.0,390.0
2025-01-09,2,Machine 3,None,0.0,0.0
2025-01-09,3,Machine 1,ABC133,150.0,900.0
2025-01-09,3,Machine 2,ABC134,0.0,390.0
2025-01-09,3,Machine 3,ABC130,195.0,390.0
2025-01-10,1,Machine 1,ABC133,150.0,1050.0
2025-01-10,1,Machine 2,ABC134,0.0,390.0
2025-01-10,1,Machine 3,ABC132,117.0,234.0
2025-01-10,2,Machine 1,ABC135,150.0,450.0
2025-01-10,2,Machine 2,ABC134,0.0,390.0
2025-01-10,2,Machine 3,ABC130,117.0,507.0
2025-01-10,3,Machine 1,ABC135,150.0,600.0
2025-01-10,3,Machine 2,ABC134,0.0,390.0
2025-01-10,3,Machine 3,None,0.0,0.0
2025-01-13,1,Machine 1,ABC135,150.0,750.0
2025-01-13,1,Machine 2,ABC127,0.0,506.0
2025-01-13,1,Machine 3,ABC133,195.0,1245.0
2025-01-13,2,Machine 1,ABC123,0.0,0.0
2025-01-13,2,Machine 2,ABC126,220.0,220.0
2025-01-13,2,Machine 3,ABC131,117.0,117.0
2025-01-13,3,Machine 1,ABC123,0.0,0.0
2025-01-13,3,Machine 2,ABC126,220.0,220.0
2025-01-13,3,Machine 3,ABC131,195.0,200.0
2025-01-14,1,Machine 1,ABC123,0.0,0.0
2025-01-14,1,Machine 2,ABC126,220.0,220.0
2025-01-14,1,Machine 3,ABC131,195.0,283.0
2025-01-14,2,Machine 1,ABC127,220.0,220.0
2025-01-14,2,Machine 2,ABC126,220.0,440.0
2025-01-14,2,Machine 3,ABC130,195.0,534.0
2025-01-14,3,Machine 1,ABC132,0.0,66.0
2025-01-14,3,Machine 2,ABC135,0.0,0.0
2025-01-14,3,Machine 3,ABC126,0.0,440.0
2025-01-15,1,Machine 1,ABC132,150.0,216.0
2025-01-15,1,Machine 2,ABC135,0.0,0.0
2025-01-15,1,Machine 3,ABC126,0.0,440.0
2025-01-15,2,Machine 1,ABC135,150.0,150.0
2025-01-15,2,Machine 2,ABC135,150.0,150.0
2025-01-15,2,Machine 3,ABC126,0.0,440.0
2025-01-15,3,Machine 1,ABC133,150.0,639.0
2025-01-15,3,Machine 2,ABC136,0.0,150.0
2025-01-15,3,Machine 3,ABC135,0.0,150.0
2025-01-16,1,Machine 1,ABC133,150.0,789.0
2025-01-16,1,Machine 2,ABC136,0.0,150.0
2025-01-16,1,Machine 3,ABC135,0.0,150.0
2025-01-16,2,Machine 1,ABC133,150.0,939.0
2025-01-16,2,Machine 2,ABC136,0.0,150.0
2025-01-16,2,Machine 3,ABC135,0.0,150.0
2025-01-16,3,Machine 1,ABC135,150.0,300.0
2025-01-16,3,Machine 2,ABC136,0.0,150.0
2025-01-16,3,Machine 3,ABC130,195.0,729.0
2025-01-17,1,Machine 1,ABC132,150.0,366.0
2025-01-17,1,Machine 2,ABC135,0.0,300.0
2025-01-17,1,Machine 3,ABC137,0.0,0.0
2025-01-17,2,Machine 1,ABC132,150.0,516.0
2025-01-17,2,Machine 2,ABC135,0.0,300.0
2025-01-17,2,Machine 3,ABC137,0.0,0.0
2025-01-17,3,Machine 1,ABC127,0.0,220.0
2025-01-17,3,Machine 2,ABC136,0.0,150.0
2025-01-17,3,Machine 3,ABC135,0.0,300.0
2025-01-20,1,Machine 1,ABC127,220.0,440.0
2025-01-20,1,Machine 2,ABC136,0.0,150.0
2025-01-20,1,Machine 3,ABC135,0.0,300.0
2025-01-20,2,Machine 1,ABC131,0.0,31.0
2025-01-20,2,Machine 2,ABC131,0.0,31.0
2025-01-20,2,Machine 3,ABC124,286.0,286.0
2025-01-20,3,Machine 1,ABC131,208.5,208.5
2025-01-20,3,Machine 2,ABC130,0.0,729.0
2025-01-20,3,Machine 3,ABC131,208.5,208.5
2025-01-21,1,Machine 1,ABC128,0.0,0.0
2025-01-21,1,Machine 2,ABC130,0.0,729.0
2025-01-21,1,Machine 3,ABC136,0.0,150.0
2025-01-21,2,Machine 1,ABC128,220.0,220.0
2025-01-21,2,Machine 2,ABC130,0.0,729.0
2025-01-21,2,Machine 3,ABC136,0.0,150.0
2025-01-21,3,Machine 1,ABC127,220.0,220.0
2025-01-21,3,Machine 2,ABC130,0.0,729.0
2025-01-21,3,Machine 3,None,0.0,0.0
2025-01-22,1,Machine 1,ABC132,0.0,0.0
2025-01-22,1,Machine 2,ABC135,0.0,48.0
2025-01-22,1,Machine 3,ABC137,0.0,0.0
2025-01-22,2,Machine 1,ABC132,150.0,150.0
2025-01-22,2,Machine 2,ABC135,0.0,48.0
2025-01-22,2,Machine 3,ABC137,0.0,0.0
2025-01-22,3,Machine 1,ABC135,150.0,198.0
2025-01-22,3,Machine 2,ABC135,150.0,198.0
2025-01-22,3,Machine 3,ABC128,286.0,506.0
2025-01-23,1,Machine 1,ABC135,150.0,348.0
2025-01-23,1,Machine 2,ABC134,0.0,222.0
2025-01-23,1,Machine 3,ABC137,0.0,0.0
2025-01-23,2,Machine 1,ABC135,150.0,498.0
2025-01-23,2,Machine 2,ABC137,0.0,0.0
2025-01-23,2,Machine 3,ABC137,0.0,0.0
2025-01-23,3,Machine 1,ABC128,0.0,506.0
2025-01-23,3,Machine 2,ABC137,0.0,0.0
2025-01-23,3,Machine 3,ABC137,0.0,0.0
2025-01-24,1,Machine 1,ABC135,0.0,498.0
2025-01-24,1,Machine 2,ABC137,0.0,0.0
2025-01-24,1,Machine 3,ABC137,0.0,0.0
2025-01-24,2,Machine 1,ABC128,0.0,506.0
2025-01-24,2,Machine 2,ABC137,0.0,0.0
2025-01-24,2,Machine 3,ABC137,0.0,0.0
2025-01-24,3,Machine 1,ABC135,0.0,498.0
2025-01-24,3,Machine 2,ABC137,0.0,0.0
2025-01-24,3,Machine 3,ABC137,0.0,0.0
2025-01-27,1,Machine 1,ABC128,0.0,506.0
2025-01-27,1,Machine 2,ABC137,0.0,0.0
2025-01-27,1,Machine 3,ABC137,0.0,0.0
2025-01-27,2,Machine 1,ABC131,0.0,0.0
2025-01-27,2,Machine 2,ABC134,0.0,0.0
2025-01-27,2,Machine 3,ABC126,0.0,440.0
2025-01-27,3,Machine 1,ABC131,150.0,150.0
2025-01-27,3,Machine 2,ABC134,0.0,0.0
2025-01-27,3,Machine 3,ABC123,0.0,0.0
2025-01-28,1,Machine 1,ABC127,0.0,0.0
2025-01-28,1,Machine 2,ABC134,0.0,0.0
2025-01-28,1,Machine 3,ABC123,0.0,0.0
2025-01-28,2,Machine 1,ABC127,220.0,220.0
2025-01-28,2,Machine 2,ABC134,0.0,0.0
2025-01-28,2,Machine 3,ABC123,0.0,0.0
2025-01-28,3,Machine 1,ABC127,220.0,440.0
2025-01-28,3,Machine 2,ABC134,0.0,0.0
2025-01-28,3,Machine 3,ABC137,0.0,0.0
2025-01-29,1,Machine 1,ABC132,0.0,0.0
2025-01-29,1,Machine 2,ABC134,0.0,0.0
2025-01-29,1,Machine 3,ABC123,0.0,0.0
2025-01-29,2,Machine 1,ABC132,150.0,150.0
2025-01-29,2,Machine 2,ABC134,0.0,0.0
2025-01-29,2,Machine 3,ABC123,0.0,0.0
2025-01-29,3,Machine 1,ABC132,150.0,300.0
2025-01-29,3,Machine 2,ABC134,0.0,0.0
2025-01-29,3,Machine 3,ABC123,0.0,0.0
2025-01-30,1,Machine 1,ABC132,150.0,450.0
2025-01-30,1,Machine 2,ABC134,0.0,0.0
2025-01-30,1,Machine 3,ABC123,0.0,0.0
2025-01-30,2,Machine 1,ABC135,150.0,150.0
2025-01-30,2,Machine 2,ABC134,0.0,0.0
2025-01-30,2,Machine 3,ABC128,286.0,792.0
2025-01-30,3,Machine 1,ABC135,150.0,300.0
2025-01-30,3,Machine 2,ABC134,0.0,0.0
2025-01-30,3,Machine 3,ABC123,0.0,0.0
2025-01-31,1,Machine 1,ABC135,150.0,450.0
2025-01-31,1,Machine 2,ABC134,0.0,0.0
2025-01-31,1,Machine 3,ABC137,0.0,0.0
2025-01-31,2,Machine 1,ABC135,150.0,600.0
2025-01-31,2,Machine 2,None,0.0,0.0
2025-01-31,2,Machine 3,ABC137,0.0,0.0
2025-01-31,3,Machine 1,ABC135,150.0,750.0
2025-01-31,3,Machine 2,None,0.0,0.0
2025-01-31,3,Machine 3,ABC137,0.0,0.0
2025-02-03,1,Machine 1,ABC135,150.0,900.0
2025-02-03,1,Machine 2,None,0.0,0.0
2025-02-03,1,Machine 3,ABC134,195.0,195.0
2025-02-03,2,Machine 1,ABC130,0.0,729.0
2025-02-03,2,Machine 2,ABC130,0.0,729.0
2025-02-03,2,Machine 3,ABC137,0.0,0.0
2025-02-03,3,Machine 1,ABC130,150.0,879.0
2025-02-03,3,Machine 2,ABC130,150.0,879.0
2025-02-03,3,Machine 3,ABC137,0.0,0.0
2025-02-04,1,Machine 1,ABC130,150.0,1029.0
2025-02-04,1,Machine 2,ABC130,150.0,1029.0
2025-02-04,1,Machine 3,ABC125,0.0,0.0
2025-02-04,2,Machine 1,ABC130,150.0,1179.0
2025-02-04,2,Machine 2,ABC130,150.0,1179.0
2025-02-04,2,Machine 3,ABC125,0.0,0.0
2025-02-04,3,Machine 1,ABC130,150.0,1329.0
2025-02-04,3,Machine 2,ABC130,150.0,1329.0
2025-02-04,3,Machine 3,ABC125,0.0,0.0
2025-02-05,1,Machine 1,ABC130,150.0,1479.0
2025-02-05,1,Machine 2,ABC130,150.0,1479.0
2025-02-05,1,Machine 3,ABC125,0.0,0.0
2025-02-05,2,Machine 1,ABC127,0.0,0.0
2025-02-05,2,Machine 2,ABC130,0.0,1479.0
2025-02-05,2,Machine 3,ABC125,0.0,0.0
2025-02-05,3,Machine 1,ABC127,220.0,220.0
2025-02-05,3,Machine 2,ABC130,0.0,1479.0
2025-02-05,3,Machine 3,ABC125,0.0,0.0
2025-02-06,1,Machine 1,ABC129,0.0,0.0
2025-02-06,1,Machine 2,ABC130,0.0,1479.0
2025-02-06,1,Machine 3,ABC125,0.0,0.0
2025-02-06,2,Machine 1,ABC129,150.0,150.0
2025-02-06,2,Machine 2,ABC130,0.0,1479.0
2025-02-06,2,Machine 3,ABC125,0.0,0.0
2025-02-06,3,Machine 1,ABC125,0.0,0.0
2025-02-06,3,Machine 2,ABC130,0.0,1479.0
2025-02-06,3,Machine 3,ABC125,0.0,0.0
2025-02-07,1,Machine 1,ABC125,0.0,0.0
2025-02-07,1,Machine 2,ABC130,0.0,1479.0
2025-02-07,1,Machine 3,ABC125,0.0,0.0
2025-02-07,2,Machine 1,ABC125,0.0,0.0
2025-02-07,2,Machine 2,ABC130,0.0,1479.0
2025-02-07,2,Machine 3,ABC125,0.0,0.0
2025-02-07,3,Machine 1,ABC125,0.0,0.0
2025-02-07,3,Machine 2,ABC130,0.0,1479.0
2025-02-07,3,Machine 3,ABC125,0.0,0.0
2025-02-10,1,Machine 1,ABC125,0.0,0.0
2025-02-10,1,Machine 2,ABC130,0.0,1479.0
2025-02-10,1,Machine 3,ABC125,0.0,0.0
2025-02-10,2,Machine 1,ABC127,220.0,220.0
2025-02-10,2,Machine 2,ABC130,0.0,1479.0
2025-02-10,2,Machine 3,ABC125,0.0,0.0
2025-02-10,3,Machine 1,ABC127,220.0,220.0
2025-02-10,3,Machine 2,ABC134,0.0,0.0
2025-02-10,3,Machine 3,ABC125,0.0,0.0
2025-02-11,1,Machine 1,ABC127,220.0,220.0
2025-02-11,1,Machine 2,ABC134,0.0,0.0
2025-02-11,1,Machine 3,ABC125,0.0,0.0
2025-02-11,2,Machine 1,ABC127,220.0,440.0
2025-02-11,2,Machine 2,ABC134,0.0,0.0
2025-02-11,2,Machine 3,ABC123,0.0,0.0
2025-02-11,3,Machine 1,ABC135,0.0,0.0
2025-02-11,3,Machine 2,ABC134,0.0,0.0
2025-02-11,3,Machine 3,ABC137,0.0,0.0
2025-02-12,1,Machine 1,ABC127,0.0,440.0
2025-02-12,1,Machine 2,ABC134,0.0,0.0
2025-02-12,1,Machine 3,ABC137,0.0,0.0
2025-02-12,2,Machine 1,ABC127,220.0,660.0
2025-02-12,2,Machine 2,ABC134,0.0,0.0
2025-02-12,2,Machine 3,ABC137,0.0,0.0
2025-02-12,3,Machine 1,ABC135,0.0,0.0
2025-02-12,3,Machine 2,ABC134,0.0,0.0
2025-02-12,3,Machine 3,ABC128,286.0,1078.0
2025-02-13,1,Machine 1,ABC127,0.0,660.0
2025-02-13,1,Machine 2,ABC134,0.0,0.0
2025-02-13,1,Machine 3,ABC128,286.0,1364.0
2025-02-13,2,Machine 1,ABC132,0.0,0.0
2025-02-13,2,Machine 2,ABC134,0.0,0.0
2025-02-13,2,Machine 3,ABC123,0.0,0.0
2025-02-13,3,Machine 1,ABC132,150.0,150.0
2025-02-13,3,Machine 2,ABC134,0.0,0.0
2025-02-13,3,Machine 3,ABC123,0.0,0.0
2025-02-14,1,Machine 1,ABC132,150.0,300.0
2025-02-14,1,Machine 2,ABC134,0.0,0.0
2025-02-14,1,Machine 3,ABC123,0.0,0.0
2025-02-14,2,Machine 1,ABC132,150.0,450.0
2025-02-14,2,Machine 2,ABC134,0.0,0.0
2025-02-14,2,Machine 3,ABC123,0.0,0.0
2025-02-14,3,Machine 1,ABC132,150.0,600.0
2025-02-14,3,Machine 2,ABC134,0.0,0.0
2025-02-14,3,Machine 3,ABC123,0.0,0.0
2025-02-17,1,Machine 1,ABC132,150.0,750.0
2025-02-17,1,Machine 2,ABC134,0.0,0.0
2025-02-17,1,Machine 3,ABC123,0.0,0.0
2025-02-17,2,Machine 1,ABC127,0.0,0.0
2025-02-17,2,Machine 2,ABC134,0.0,0.0
2025-02-17,2,Machine 3,ABC123,0.0,0.0
2025-02-17,3,Machine 1,ABC127,220.0,220.0
2025-02-17,3,Machine 2,ABC134,0.0,0.0
2025-02-17,3,Machine 3,ABC123,0.0,0.0
2025-02-18,1,Machine 1,ABC127,220.0,220.0
2025-02-18,1,Machine 2,ABC134,0.0,0.0
2025-02-18,1,Machine 3,ABC123,0.0,0.0
2025-02-18,2,Machine 1,ABC127,220.0,440.0
2025-02-18,2,Machine 2,ABC134,0.0,0.0
2025-02-18,2,Machine 3,ABC123,0.0,0.0
2025-02-18,3,Machine 1,ABC132,0.0,0.0
2025-02-18,3,Machine 2,ABC134,0.0,0.0
2025-02-18,3,Machine 3,ABC123,0.0,0.0
2025-02-19,1,Machine 1,ABC132,150.0,150.0
2025-02-19,1,Machine 2,ABC134,0.0,0.0
2025-02-19,1,Machine 3,ABC123,0.0,0.0
2025-02-19,2,Machine 1,ABC132,150.0,300.0
2025-02-19,2,Machine 2,ABC134,0.0,0.0
2025-02-19,2,Machine 3,ABC123,0.0,0.0
2025-02-19,3,Machine 1,ABC132,150.0,450.0
2025-02-19,3,Machine 2,ABC134,0.0,0.0
2025-02-19,3,Machine 3,ABC123,0.0,0.0
2025-02-20,1,Machine 1,ABC132,150.0,600.0
2025-02-20,1,Machine 2,ABC134,0.0,0.0
2025-02-20,1,Machine 3,ABC123,0.0,0.0
2025-02-20,2,Machine 1,ABC132,150.0,750.0
2025-02-20,2,Machine 2,ABC134,0.0,0.0
2025-02-20,2,Machine 3,ABC123,0.0,0.0
2025-02-20,3,Machine 1,ABC135,150.0,150.0
2025-02-20,3,Machine 2,ABC134,0.0,0.0
2025-02-20,3,Machine 3,ABC123,0.0,0.0
2025-02-21,1,Machine 1,ABC135,150.0,300.0
2025-02-21,1,Machine 2,ABC134,0.0,0.0
2025-02-21,1,Machine 3,ABC123,0.0,0.0
2025-02-21,2,Machine 1,ABC135,150.0,450.0
2025-02-21,2,Machine 2,ABC134,0.0,0.0
2025-02-21,2,Machine 3,ABC123,0.0,0.0
2025-02-21,3,Machine 1,ABC135,150.0,600.0
2025-02-21,3,Machine 2,ABC134,0.0,0.0
2025-02-21,3,Machine 3,ABC123,0.0,0.0
2025-02-24,1,Machine 1,ABC135,150.0,750.0
2025-02-24,1,Machine 2,ABC134,0.0,0.0
2025-02-24,1,Machine 3,ABC137,0.0,0.0
2025-02-24,2,Machine 1,ABC130,0.0,1059.0
2025-02-24,2,Machine 2,ABC130,0.0,1059.0
2025-02-24,2,Machine 3,ABC125,0.0,0.0
2025-02-24,3,Machine 1,ABC130,150.0,1209.0
2025-02-24,3,Machine 2,ABC130,150.0,1209.0
2025-02-24,3,Machine 3,ABC125,0.0,0.0
2025-02-25,1,Machine 1,ABC130,150.0,1359.0
2025-02-25,1,Machine 2,ABC130,150.0,1359.0
2025-02-25,1,Machine 3,ABC125,0.0,0.0
2025-02-25,2,Machine 1,ABC127,0.0,0.0
2025-02-25,2,Machine 2,ABC130,0.0,1359.0
2025-02-25,2,Machine 3,ABC125,0.0,0.0
2025-02-25,3,Machine 1,ABC127,220.0,220.0
2025-02-25,3,Machine 2,ABC130,0.0,1359.0
2025-02-25,3,Machine 3,ABC125,0.0,0.0
2025-02-26,1,Machine 1,ABC125,0.0,0.0
2025-02-26,1,Machine 2,ABC130,0.0,1359.0
2025-02-26,1,Machine 3,ABC125,0.0,0.0
2025-02-26,2,Machine 1,ABC125,0.0,0.0
2025-02-26,2,Machine 2,ABC130,0.0,1359.0
2025-02-26,2,Machine 3,ABC125,0.0,0.0
2025-02-26,3,Machine 1,ABC125,0.0,0.0
2025-02-26,3,Machine 2,ABC130,0.0,1359.0
2025-02-26,3,Machine 3,ABC125,0.0,0.0
2025-02-27,1,Machine 1,ABC125,0.0,0.0
2025-02-27,1,Machine 2,ABC130,0.0,1359.0
2025-02-27,1,Machine 3,ABC125,0.0,0.0
2025-02-27,2,Machine 1,ABC125,0.0,0.0
2025-02-27,2,Machine 2,ABC130,0.0,1359.0
2025-02-27,2,Machine 3,ABC125,0.0,0.0
2025-02-27,3,Machine 1,ABC125,0.0,0.0
2025-02-27,3,Machine 2,ABC130,0.0,1359.0
2025-02-27,3,Machine 3,ABC125,0.0,0.0
2025-02-28,1,Machine 1,ABC125,0.0,0.0
2025-02-28,1,Machine 2,ABC130,0.0,1359.0
2025-02-28,1,Machine 3,ABC125,0.0,0.0
2025-02-28,2,Machine 1,ABC125,0.0,0.0
2025-02-28,2,Machine 2,ABC130,0.0,1359.0
2025-02-28,2,Machine 3,ABC125,0.0,0.0
2025-02-28,3,Machine 1,ABC125,0.0,0.0
2025-02-28,3,Machine 2,ABC130,0.0,1359.0
2025-02-28,3,Machine 3,ABC125,0.0,0.0
2025-03-03,1,Machine 1,ABC125,0.0,0.0
2025-03-03,1,Machine 2,ABC130,0.0,1359.0
2025-03-03,1,Machine 3,ABC125,0.0,0.0
2025-03-03,2,Machine 1,ABC127,220.0,220.0
2025-03-03,2,Machine 2,ABC130,0.0,1163.0
2025-03-03,2,Machine 3,ABC125,0.0,0.0
2025-03-03,3,Machine 1,ABC127,220.0,220.0
2025-03-03,3,Machine 2,ABC130,0.0,967.0
2025-03-03,3,Machine 3,ABC123,0.0,0.0
2025-03-04,1,Machine 1,ABC127,220.0,220.0
2025-03-04,1,Machine 2,ABC129,0.0,0.0
2025-03-04,1,Machine 3,ABC123,0.0,0.0
2025-03-04,2,Machine 1,ABC132,0.0,0.0
2025-03-04,2,Machine 2,ABC134,0.0,0.0
2025-03-04,2,Machine 3,ABC123,0.0,0.0
2025-03-04,3,Machine 1,ABC132,150.0,150.0
2025-03-04,3,Machine 2,ABC134,0.0,0.0
2025-03-04,3,Machine 3,ABC123,0.0,0.0
2025-03-05,1,Machine 1,ABC132,150.0,300.0
2025-03-05,1,Machine 2,ABC134,0.0,0.0
2025-03-05,1,Machine 3,ABC123,0.0,0.0
2025-03-05,2,Machine 1,ABC132,150.0,450.0
2025-03-05,2,Machine 2,ABC134,0.0,0.0
2025-03-05,2,Machine 3,ABC123,0.0,0.0
2025-03-05,3,Machine 1,ABC127,0.0,220.0
2025-03-05,3,Machine 2,ABC134,0.0,0.0
2025-03-05,3,Machine 3,ABC123,0.0,0.0
2025-03-06,1,Machine 1,ABC127,220.0,440.0
2025-03-06,1,Machine 2,ABC134,0.0,0.0
2025-03-06,1,Machine 3,ABC123,0.0,0.0
2025-03-06,2,Machine 1,ABC132,0.0,450.0
2025-03-06,2,Machine 2,ABC134,0.0,0.0
2025-03-06,2,Machine 3,ABC123,0.0,0.0
2025-03-06,3,Machine 1,ABC132,150.0,600.0
2025-03-06,3,Machine 2,ABC134,0.0,0.0
2025-03-06,3,Machine 3,ABC123,0.0,0.0
2025-03-07,1,Machine 1,ABC132,150.0,750.0
2025-03-07,1,Machine 2,ABC134,0.0,0.0
2025-03-07,1,Machine 3,ABC123,0.0,0.0
2025-03-07,2,Machine 1,ABC135,150.0,228.0
2025-03-07,2,Machine 2,ABC134,0.0,0.0
2025-03-07,2,Machine 3,ABC123,0.0,0.0
2025-03-07,3,Machine 1,ABC135,150.0,378.0
2025-03-07,3,Machine 2,ABC134,0.0,0.0
2025-03-07,3,Machine 3,ABC123,0.0,0.0
2025-03-10,1,Machine 1,ABC135,150.0,528.0
2025-03-10,1,Machine 2,ABC134,0.0,0.0
2025-03-10,1,Machine 3,ABC123,0.0,0.0
2025-03-10,2,Machine 1,ABC133,150.0,150.0
2025-03-10,2,Machine 2,ABC134,0.0,0.0
2025-03-10,2,Machine 3,ABC123,0.0,0.0
2025-03-10,3,Machine 1,ABC133,150.0,150.0
2025-03-10,3,Machine 2,None,0.0,0.0
2025-03-10,3,Machine 3,ABC137,0.0,0.0
2025-03-11,1,Machine 1,ABC133,150.0,150.0
2025-03-11,1,Machine 2,None,0.0,0.0
2025-03-11,1,Machine 3,ABC137,0.0,0.0
2025-03-11,2,Machine 1,ABC133,150.0,300.0
2025-03-11,2,Machine 2,None,0.0,0.0
2025-03-11,2,Machine 3,ABC137,0.0,0.0
2025-03-11,3,Machine 1,ABC133,150.0,450.0
2025-03-11,3,Machine 2,ABC134,0.0,0.0
2025-03-11,3,Machine 3,ABC137,0.0,0.0
2025-03-12,1,Machine 1,ABC133,150.0,600.0
2025-03-12,1,Machine 2,None,0.0,0.0
2025-03-12,1,Machine 3,ABC137,0.0,0.0
2025-03-12,2,Machine 1,None,0.0,0.0
2025-03-12,2,Machine 2,ABC134,0.0,0.0
2025-03-12,2,Machine 3,ABC137,0.0,0.0
2025-03-12,3,Machine 1,None,0.0,0.0
2025-03-12,3,Machine 2,None,0.0,0.0
2025-03-12,3,Machine 3,ABC137,0.0,0.0
2025-03-13,1,Machine 1,None,0.0,0.0
2025-03-13,1,Machine 2,ABC134,0.0,0.0
2025-03-13,1,Machine 3,ABC137,0.0,0.0
2025-03-13,2,Machine 1,None,0.0,0.0
2025-03-13,2,Machine 2,None,0.0,0.0
2025-03-13,2,Machine 3,ABC137,0.0,0.0
2025-03-13,3,Machine 1,None,0.0,0.0
2025-03-13,3,Machine 2,ABC134,0.0,0.0
2025-03-13,3,Machine 3,ABC137,0.0,0.0
2025-03-14,1,Machine 1,None,0.0,0.0
2025-03-14,1,Machine 2,None,0.0,0.0
2025-03-14,1,Machine 3,ABC137,0.0,0.0
2025-03-14,2,Machine 1,None,0.0,0.0
2025-03-14,2,Machine 2,ABC134,0.0,0.0
2025-03-14,2,Machine 3,ABC137,0.0,0.0
2025-03-14,3,Machine 1,None,0.0,0.0
2025-03-14,3,Machine 2,None,0.0,0.0
2025-03-14,3,Machine 3,ABC137,0.0,0.0
2025-03-17,1,Machine 1,None,0.0,0.0
2025-03-17,1,Machine 2,ABC134,0.0,0.0
2025-03-17,1,Machine 3,ABC137,0.0,0.0
2025-03-17,2,Machine 1,ABC133,150.0,470.0
2025-03-17,2,Machine 2,None,0.0,0.0
2025-03-17,2,Machine 3,ABC137,0.0,0.0
2025-03-17,3,Machine 1,ABC127,0.0,0.0
2025-03-17,3,Machine 2,None,0.0,0.0
2025-03-17,3,Machine 3,ABC137,0.0,0.0
2025-03-18,1,Machine 1,ABC127,220.0,220.0
2025-03-18,1,Machine 2,ABC132,0.0,0.0
2025-03-18,1,Machine 3,ABC137,0.0,0.0
2025-03-18,2,Machine 1,ABC132,0.0,0.0
2025-03-18,2,Machine 2,None,0.0,0.0
2025-03-18,2,Machine 3,ABC137,0.0,0.0
2025-03-18,3,Machine 1,ABC132,150.0,150.0
2025-03-18,3,Machine 2,None,0.0,0.0
2025-03-18,3,Machine 3,ABC137,0.0,0.0
2025-03-19,1,Machine 1,ABC132,150.0,300.0
2025-03-19,1,Machine 2,ABC134,0.0,0.0
2025-03-19,1,Machine 3,ABC137,0.0,0.0
2025-03-19,2,Machine 1,ABC132,150.0,450.0
2025-03-19,2,Machine 2,ABC134,0.0,0.0
2025-03-19,2,Machine 3,ABC123,0.0,0.0
2025-03-19,3,Machine 1,ABC132,150.0,600.0
2025-03-19,3,Machine 2,ABC134,0.0,0.0
2025-03-19,3,Machine 3,ABC123,0.0,0.0
2025-03-20,1,Machine 1,ABC135,150.0,150.0
2025-03-20,1,Machine 2,ABC134,0.0,0.0
2025-03-20,1,Machine 3,ABC123,0.0,0.0
2025-03-20,2,Machine 1,None,0.0,0.0
2025-03-20,2,Machine 2,ABC134,0.0,0.0
2025-03-20,2,Machine 3,ABC137,0.0,0.0
2025-03-20,3,Machine 1,None,0.0,0.0
2025-03-20,3,Machine 2,ABC134,0.0,0.0
2025-03-20,3,Machine 3,ABC123,0.0,0.0
2025-03-21,1,Machine 1,None,0.0,0.0
2025-03-21,1,Machine 2,ABC134,0.0,0.0
2025-03-21,1,Machine 3,ABC131,195.0,195.0
2025-03-21,2,Machine 1,None,0.0,0.0
2025-03-21,2,Machine 2,ABC134,0.0,0.0
2025-03-21,2,Machine 3,ABC123,0.0,0.0
2025-03-21,3,Machine 1,None,0.0,0.0
2025-03-21,3,Machine 2,ABC134,0.0,0.0
2025-03-21,3,Machine 3,ABC123,0.0,0.0
2025-03-24,1,Machine 1,None,0.0,0.0
2025-03-24,1,Machine 2,ABC134,0.0,0.0
2025-03-24,1,Machine 3,ABC123,0.0,0.0
2025-03-24,2,Machine 1,ABC133,150.0,150.0
2025-03-24,2,Machine 2,None,0.0,0.0
2025-03-24,2,Machine 3,ABC137,0.0,0.0
2025-03-24,3,Machine 1,ABC133,150.0,160.0
2025-03-24,3,Machine 2,None,0.0,0.0
2025-03-24,3,Machine 3,ABC125,0.0,0.0
2025-03-25,1,Machine 1,ABC133,150.0,170.0
2025-03-25,1,Machine 2,None,0.0,0.0
2025-03-25,1,Machine 3,ABC125,0.0,0.0
2025-03-25,2,Machine 1,ABC127,0.0,0.0
2025-03-25,2,Machine 2,None,0.0,0.0
2025-03-25,2,Machine 3,ABC137,0.0,0.0
2025-03-25,3,Machine 1,ABC127,220.0,220.0
2025-03-25,3,Machine 2,None,0.0,0.0
2025-03-25,3,Machine 3,ABC137,0.0,0.0
2025-03-26,1,Machine 1,ABC133,0.0,170.0
2025-03-26,1,Machine 2,None,0.0,0.0
2025-03-26,1,Machine 3,ABC137,0.0,0.0
2025-03-26,2,Machine 1,ABC133,150.0,320.0
2025-03-26,2,Machine 2,None,0.0,0.0
2025-03-26,2,Machine 3,ABC137,0.0,0.0
2025-03-26,3,Machine 1,ABC133,150.0,470.0
2025-03-26,3,Machine 2,ABC134,0.0,0.0
2025-03-26,3,Machine 3,ABC137,0.0,0.0
2025-03-27,1,Machine 1,ABC133,150.0,620.0
2025-03-27,1,Machine 2,ABC134,0.0,0.0
2025-03-27,1,Machine 3,ABC137,0.0,0.0
2025-03-27,2,Machine 1,ABC133,150.0,770.0
2025-03-27,2,Machine 2,ABC134,0.0,0.0
2025-03-27,2,Machine 3,ABC137,0.0,0.0
2025-03-27,3,Machine 1,ABC133,150.0,920.0
2025-03-27,3,Machine 2,ABC134,0.0,0.0
2025-03-27,3,Machine 3,ABC137,0.0,0.0
2025-03-28,1,Machine 1,ABC133,150.0,1070.0
2025-03-28,1,Machine 2,ABC134,0.0,0.0
2025-03-28,1,Machine 3,ABC137,0.0,0.0
2025-03-28,2,Machine 1,ABC133,150.0,1220.0
2025-03-28,2,Machine 2,ABC134,0.0,0.0
2025-03-28,2,Machine 3,ABC137,0.0,0.0
2025-03-28,3,Machine 1,ABC133,150.0,1370.0
2025-03-28,3,Machine 2,ABC134,0.0,0.0
2025-03-28,3,Machine 3,ABC137,0.0,0.0
2025-03-31,1,Machine 1,ABC133,150.0,1520.0
2025-03-31,1,Machine 2,ABC134,0.0,0.0
2025-03-31,1,Machine 3,ABC137,0.0,0.0
2025-03-31,2,Machine 1,ABC127,0.0,0.0
2025-03-31,2,Machine 2,ABC134,0.0,0.0
2025-03-31,2,Machine 3,ABC130,195.0,378.0
2025-03-31,3,Machine 1,ABC127,220.0,220.0
2025-03-31,3,Machine 2,ABC134,0.0,0.0
2025-03-31,3,Machine 3,ABC123,0.0,0.0
2025-04-01,1,Machine 1,ABC127,220.0,220.0
2025-04-01,1,Machine 2,ABC132,0.0,0.0
2025-04-01,1,Machine 3,ABC125,0.0,0.0
2025-04-01,2,Machine 1,ABC132,0.0,0.0
2025-04-01,2,Machine 2,ABC126,220.0,660.0
2025-04-01,2,Machine 3,ABC123,0.0,0.0
2025-04-01,3,Machine 1,ABC132,150.0,150.0
2025-04-01,3,Machine 2,None,0.0,0.0
2025-04-01,3,Machine 3,ABC137,0.0,0.0
2025-04-02,1,Machine 1,ABC132,150.0,300.0
2025-04-02,1,Machine 2,None,0.0,0.0
2025-04-02,1,Machine 3,ABC137,0.0,0.0
2025-04-02,2,Machine 1,ABC132,150.0,450.0
2025-04-02,2,Machine 2,ABC134,0.0,0.0
2025-04-02,2,Machine 3,ABC137,0.0,0.0
2025-04-02,3,Machine 1,ABC132,150.0,600.0
2025-04-02,3,Machine 2,ABC134,0.0,0.0
2025-04-02,3,Machine 3,ABC123,0.0,0.0
2025-04-03,1,Machine 1,None,0.0,0.0
2025-04-03,1,Machine 2,ABC134,0.0,0.0
2025-04-03,1,Machine 3,ABC123,0.0,0.0
2025-04-03,2,Machine 1,ABC135,150.0,150.0
2025-04-03,2,Machine 2,ABC134,0.0,0.0
2025-04-03,2,Machine 3,ABC123,0.0,0.0
2025-04-03,3,Machine 1,ABC135,150.0,300.0
2025-04-03,3,Machine 2,ABC134,0.0,0.0
2025-04-03,3,Machine 3,ABC123,0.0,0.0
2025-04-04,1,Machine 1,ABC135,150.0,450.0
2025-04-04,1,Machine 2,ABC134,0.0,0.0
2025-04-04,1,Machine 3,ABC123,0.0,0.0
2025-04-04,2,Machine 1,ABC135,150.0,600.0
2025-04-04,2,Machine 2,ABC134,0.0,0.0
2025-04-04,2,Machine 3,ABC123,0.0,0.0
2025-04-04,3,Machine 1,ABC133,150.0,158.0
2025-04-04,3,Machine 2,None,0.0,0.0
2025-04-04,3,Machine 3,ABC123,0.0,0.0
2025-04-07,1,Machine 1,ABC133,150.0,308.0
2025-04-07,1,Machine 2,ABC134,0.0,0.0
2025-04-07,1,Machine 3,ABC137,0.0,0.0
2025-04-07,2,Machine 1,None,0.0,0.0
2025-04-07,2,Machine 2,ABC134,0.0,0.0
2025-04-07,2,Machine 3,ABC137,0.0,0.0
2025-04-07,3,Machine 1,ABC127,220.0,220.0
2025-04-07,3,Machine 2,ABC134,0.0,0.0
2025-04-07,3,Machine 3,ABC137,0.0,0.0
2025-04-08,1,Machine 1,ABC127,220.0,220.0
2025-04-08,1,Machine 2,ABC134,0.0,0.0
2025-04-08,1,Machine 3,ABC137,0.0,0.0
2025-04-08,2,Machine 1,ABC132,0.0,600.0
2025-04-08,2,Machine 2,ABC134,0.0,0.0
2025-04-08,2,Machine 3,ABC123,0.0,0.0
2025-04-08,3,Machine 1,ABC132,150.0,750.0
2025-04-08,3,Machine 2,ABC134,0.0,0.0
2025-04-08,3,Machine 3,ABC123,0.0,0.0
2025-04-09,1,Machine 1,None,0.0,0.0
2025-04-09,1,Machine 2,ABC134,0.0,0.0
2025-04-09,1,Machine 3,ABC123,0.0,0.0
2025-04-09,2,Machine 1,None,0.0,0.0
2025-04-09,2,Machine 2,ABC134,0.0,0.0
2025-04-09,2,Machine 3,ABC123,0.0,0.0
2025-04-09,3,Machine 1,None,0.0,0.0
2025-04-09,3,Machine 2,ABC134,0.0,0.0
2025-04-09,3,Machine 3,ABC123,0.0,0.0
2025-04-10,1,Machine 1,None,0.0,0.0
2025-04-10,1,Machine 2,ABC134,0.0,0.0
2025-04-10,1,Machine 3,ABC123,0.0,0.0
2025-04-10,2,Machine 1,None,0.0,0.0
2025-04-10,2,Machine 2,ABC134,0.0,0.0
2025-04-10,2,Machine 3,ABC123,0.0,0.0
2025-04-10,3,Machine 1,None,0.0,0.0
2025-04-10,3,Machine 2,ABC134,0.0,0.0
2025-04-10,3,Machine 3,ABC123,0.0,0.0
2025-04-11,1,Machine 1,None,0.0,0.0
2025-04-11,1,Machine 2,ABC134,0.0,0.0
2025-04-11,1,Machine 3,ABC123,0.0,0.0
2025-04-11,2,Machine 1,None,0.0,0.0
2025-04-11,2,Machine 2,ABC134,0.0,0.0
2025-04-11,2,Machine 3,ABC123,0.0,0.0
2025-04-11,3,Machine 1,None,0.0,0.0
2025-04-11,3,Machine 2,ABC134,0.0,0.0
2025-04-11,3,Machine 3,ABC123,0.0,0.0
2025-04-14,1,Machine 1,None,0.0,0.0
2025-04-14,1,Machine 2,ABC134,0.0,0.0
2025-04-14,1,Machine 3,ABC123,0.0,0.0
2025-04-14,2,Machine 1,ABC127,220.0,220.0
2025-04-14,2,Machine 2,None,0.0,0.0
2025-04-14,2,Machine 3,ABC137,0.0,0.0
2025-04-14,3,Machine 1,ABC133,0.0,0.0
2025-04-14,3,Machine 2,None,0.0,0.0
2025-04-14,3,Machine 3,ABC137,0.0,0.0
2025-04-15,1,Machine 1,ABC133,150.0,150.0
2025-04-15,1,Machine 2,None,0.0,0.0
2025-04-15,1,Machine 3,ABC137,0.0,0.0
2025-04-15,2,Machine 1,ABC133,150.0,300.0
2025-04-15,2,Machine 2,None,0.0,0.0
2025-04-15,2,Machine 3,ABC137,0.0,0.0
2025-04-15,3,Machine 1,ABC133,150.0,450.0
2025-04-15,3,Machine 2,None,0.0,0.0
2025-04-15,3,Machine 3,ABC137,0.0,0.0
2025-04-16,1,Machine 1,ABC133,150.0,600.0
2025-04-16,1,Machine 2,ABC134,0.0,0.0
2025-04-16,1,Machine 3,ABC137,0.0,0.0
2025-04-16,2,Machine 1,ABC133,150.0,750.0
2025-04-16,2,Machine 2,ABC134,0.0,0.0
2025-04-16,2,Machine 3,ABC137,0.0,0.0
2025-04-16,3,Machine 1,ABC133,150.0,900.0
2025-04-16,3,Machine 2,ABC134,0.0,0.0
2025-04-16,3,Machine 3,ABC137,0.0,0.0
2025-04-17,1,Machine 1,ABC133,150.0,1050.0
2025-04-17,1,Machine 2,ABC134,0.0,0.0
2025-04-17,1,Machine 3,ABC137,0.0,0.0
2025-04-17,2,Machine 1,ABC133,150.0,1200.0
2025-04-17,2,Machine 2,ABC134,0.0,0.0
2025-04-17,2,Machine 3,ABC137,0.0,0.0
2025-04-17,3,Machine 1,ABC133,345.0,1545.0
2025-04-17,3,Machine 2,ABC134,0.0,0.0
2025-04-17,3,Machine 3,ABC133,345.0,1545.0
2025-04-18,1,Machine 1,ABC127,0.0,0.0
2025-04-18,1,Machine 2,ABC134,0.0,0.0
2025-04-18,1,Machine 3,ABC133,195.0,1740.0
2025-04-18,2,Machine 1,ABC127,220.0,220.0
2025-04-18,2,Machine 2,ABC134,0.0,0.0
2025-04-18,2,Machine 3,ABC133,195.0,1935.0
2025-04-18,3,Machine 1,ABC133,195.0,2130.0
2025-04-18,3,Machine 2,ABC134,0.0,0.0
2025-04-18,3,Machine 3,ABC133,195.0,2130.0
2025-04-21,1,Machine 1,ABC133,345.0,2475.0
2025-04-21,1,Machine 2,ABC134,0.0,0.0
2025-04-21,1,Machine 3,ABC133,345.0,2475.0
2025-04-21,2,Machine 1,ABC133,345.0,1644.0
2025-04-21,2,Machine 2,ABC134,0.0,0.0
2025-04-21,2,Machine 3,ABC133,345.0,1644.0
2025-04-21,3,Machine 1,ABC133,150.0,618.0
2025-04-21,3,Machine 2,ABC134,0.0,0.0
2025-04-21,3,Machine 3,ABC137,0.0,0.0
2025-04-22,1,Machine 1,ABC133,150.0,150.0
2025-04-22,1,Machine 2,None,0.0,0.0
2025-04-22,1,Machine 3,ABC137,0.0,0.0
2025-04-22,2,Machine 1,ABC133,150.0,300.0
2025-04-22,2,Machine 2,None,0.0,0.0
2025-04-22,2,Machine 3,ABC137,0.0,0.0
2025-04-22,3,Machine 1,ABC133,150.0,450.0
2025-04-22,3,Machine 2,None,0.0,0.0
2025-04-22,3,Machine 3,ABC137,0.0,0.0
2025-04-23,1,Machine 1,ABC133,150.0,600.0
2025-04-23,1,Machine 2,ABC134,0.0,0.0
2025-04-23,1,Machine 3,ABC137,0.0,0.0
2025-04-23,2,Machine 1,ABC133,150.0,750.0
2025-04-23,2,Machine 2,ABC134,0.0,0.0
2025-04-23,2,Machine 3,ABC137,0.0,0.0
2025-04-23,3,Machine 1,ABC133,150.0,900.0
2025-04-23,3,Machine 2,ABC134,0.0,0.0
2025-04-23,3,Machine 3,ABC137,0.0,0.0
2025-04-24,1,Machine 1,ABC133,150.0,1050.0
2025-04-24,1,Machine 2,ABC134,0.0,0.0
2025-04-24,1,Machine 3,ABC137,0.0,0.0
2025-04-24,2,Machine 1,ABC133,150.0,1200.0
2025-04-24,2,Machine 2,ABC134,0.0,0.0
2025-04-24,2,Machine 3,ABC137,0.0,0.0
2025-04-24,3,Machine 1,ABC133,345.0,1545.0
2025-04-24,3,Machine 2,ABC134,0.0,0.0
2025-04-24,3,Machine 3,ABC133,345.0,1545.0
2025-04-25,1,Machine 1,ABC127,0.0,0.0
2025-04-25,1,Machine 2,ABC134,0.0,0.0
2025-04-25,1,Machine 3,ABC133,195.0,1740.0
2025-04-25,2,Machine 1,ABC127,220.0,220.0
2025-04-25,2,Machine 2,ABC134,0.0,0.0
2025-04-25,2,Machine 3,ABC133,195.0,1935.0
2025-04-25,3,Machine 1,ABC133,195.0,2130.0
2025-04-25,3,Machine 2,ABC134,0.0,0.0
2025-04-25,3,Machine 3,ABC133,195.0,2130.0
2025-04-28,1,Machine 1,ABC133,345.0,2475.0
2025-04-28,1,Machine 2,ABC134,0.0,0.0
2025-04-28,1,Machine 3,ABC133,345.0,2475.0
2025-04-28,2,Machine 1,ABC127,0.0,0.0
2025-04-28,2,Machine 2,ABC134,0.0,0.0
2025-04-28,2,Machine 3,ABC133,195.0,2334.0
2025-04-28,3,Machine 1,ABC127,220.0,220.0
2025-04-28,3,Machine 2,ABC134,0.0,0.0
2025-04-28,3,Machine 3,ABC133,195.0,2193.0
2025-04-29,1,Machine 1,ABC127,220.0,220.0
2025-04-29,1,Machine 2,ABC134,0.0,0.0
2025-04-29,1,Machine 3,ABC133,195.0,2052.0
2025-04-29,2,Machine 1,ABC133,195.0,2247.0
2025-04-29,2,Machine 2,ABC134,0.0,0.0
2025-04-29,2,Machine 3,ABC133,195.0,2247.0
2025-04-29,3,Machine 1,ABC133,150.0,2397.0
2025-04-29,3,Machine 2,ABC134,0.0,0.0
2025-04-29,3,Machine 3,ABC130,117.0,117.0
2025-04-30,1,Machine 1,ABC133,150.0,2547.0
2025-04-30,1,Machine 2,ABC134,0.0,0.0
2025-04-30,1,Machine 3,ABC130,195.0,312.0
2025-04-30,2,Machine 1,ABC133,150.0,2697.0
2025-04-30,2,Machine 2,ABC134,0.0,0.0
2025-04-30,2,Machine 3,ABC130,195.0,507.0
2025-04-30,3,Machine 1,ABC133,150.0,2847.0
2025-04-30,3,Machine 2,ABC134,0.0,0.0
2025-04-30,3,Machine 3,ABC130,195.0,702.0
2025-05-01,1,Machine 1,ABC133,150.0,2997.0
2025-05-01,1,Machine 2,ABC134,0.0,0.0
2025-05-01,1,Machine 3,ABC130,195.0,897.0
2025-05-01,2,Machine 1,ABC127,0.0,220.0
2025-05-01,2,Machine 2,ABC134,0.0,0.0
2025-05-01,2,Machine 3,ABC130,195.0,1092.0
2025-05-01,3,Machine 1,ABC127,220.0,440.0
2025-05-01,3,Machine 2,ABC134,0.0,0.0
2025-05-01,3,Machine 3,ABC130,195.0,1287.0
2025-05-02,1,Machine 1,ABC127,220.0,660.0
2025-05-02,1,Machine 2,ABC134,0.0,0.0
2025-05-02,1,Machine 3,None,0.0,0.0
2025-05-02,2,Machine 1,ABC132,0.0,0.0
2025-05-02,2,Machine 2,ABC134,0.0,0.0
2025-05-02,2,Machine 3,None,0.0,0.0
2025-05-02,3,Machine 1,ABC132,150.0,150.0
2025-05-02,3,Machine 2,ABC134,0.0,0.0
2025-05-02,3,Machine 3,None,0.0,0.0
2025-05-05,1,Machine 1,ABC132,150.0,300.0
2025-05-05,1,Machine 2,ABC134,0.0,0.0
2025-05-05,1,Machine 3,None,0.0,0.0
2025-05-05,2,Machine 1,ABC127,0.0,0.0
2025-05-05,2,Machine 2,ABC131,0.0,0.0
2025-05-05,2,Machine 3,ABC133,195.0,2492.0
2025-05-05,3,Machine 1,ABC127,220.0,220.0
2025-05-05,3,Machine 2,ABC131,0.0,0.0
2025-05-05,3,Machine 3,ABC133,195.0,1987.0
2025-05-06,1,Machine 1,ABC127,220.0,220.0
2025-05-06,1,Machine 2,ABC131,0.0,0.0
2025-05-06,1,Machine 3,ABC134,195.0,195.0
2025-05-06,2,Machine 1,ABC127,220.0,440.0
2025-05-06,2,Machine 2,ABC131,0.0,0.0
2025-05-06,2,Machine 3,None,0.0,0.0
2025-05-06,3,Machine 1,ABC132,0.0,0.0
2025-05-06,3,Machine 2,ABC131,0.0,0.0
2025-05-06,3,Machine 3,None,0.0,0.0
2025-05-07,1,Machine 1,ABC132,150.0,150.0
2025-05-07,1,Machine 2,ABC131,0.0,0.0
2025-05-07,1,Machine 3,None,0.0,0.0
2025-05-07,2,Machine 1,ABC132,150.0,300.0
2025-05-07,2,Machine 2,ABC134,0.0,195.0
2025-05-07,2,Machine 3,None,0.0,0.0
2025-05-07,3,Machine 1,ABC127,0.0,440.0
2025-05-07,3,Machine 2,ABC134,0.0,195.0
2025-05-07,3,Machine 3,None,0.0,0.0
2025-05-08,1,Machine 1,ABC127,220.0,660.0
2025-05-08,1,Machine 2,ABC134,0.0,195.0
2025-05-08,1,Machine 3,None,0.0,0.0
2025-05-08,2,Machine 1,ABC132,0.0,300.0
2025-05-08,2,Machine 2,ABC137,0.0,0.0
2025-05-08,2,Machine 3,None,0.0,0.0
2025-05-08,3,Machine 1,ABC132,150.0,450.0
2025-05-08,3,Machine 2,ABC137,0.0,0.0
2025-05-08,3,Machine 3,None,0.0,0.0
2025-05-09,1,Machine 1,ABC132,150.0,600.0
2025-05-09,1,Machine 2,ABC137,0.0,0.0
2025-05-09,1,Machine 3,None,0.0,0.0
2025-05-09,2,Machine 1,ABC132,150.0,750.0
2025-05-09,2,Machine 2,ABC134,0.0,195.0
2025-05-09,2,Machine 3,None,0.0,0.0
2025-05-09,3,Machine 1,ABC132,150.0,900.0
2025-05-09,3,Machine 2,ABC134,0.0,195.0
2025-05-09,3,Machine 3,None,0.0,0.0
2025-05-12,1,Machine 1,ABC132,150.0,1050.0
2025-05-12,1,Machine 2,ABC134,0.0,195.0
2025-05-12,1,Machine 3,None,0.0,0.0
2025-05-12,2,Machine 1,ABC127,0.0,0.0
2025-05-12,2,Machine 2,ABC131,0.0,0.0
2025-05-12,2,Machine 3,ABC132,195.0,195.0
2025-05-12,3,Machine 1,ABC127,220.0,220.0
2025-05-12,3,Machine 2,ABC134,0.0,0.0
2025-05-12,3,Machine 3,ABC123,0.0,0.0
2025-05-13,1,Machine 1,ABC127,220.0,220.0
2025-05-13,1,Machine 2,ABC134,0.0,0.0
2025-05-13,1,Machine 3,ABC123,0.0,0.0
2025-05-13,2,Machine 1,ABC127,220.0,440.0
2025-05-13,2,Machine 2,ABC134,0.0,0.0
2025-05-13,2,Machine 3,ABC123,0.0,0.0
2025-05-13,3,Machine 1,ABC127,220.0,660.0
2025-05-13,3,Machine 2,ABC134,0.0,0.0
2025-05-13,3,Machine 3,ABC123,0.0,0.0
2025-05-14,1,Machine 1,ABC132,0.0,0.0
2025-05-14,1,Machine 2,ABC134,0.0,0.0
2025-05-14,1,Machine 3,ABC123,0.0,0.0
2025-05-14,2,Machine 1,ABC132,150.0,150.0
2025-05-14,2,Machine 2,ABC134,0.0,0.0
2025-05-14,2,Machine 3,ABC123,0.0,0.0
2025-05-14,3,Machine 1,ABC132,150.0,300.0
2025-05-14,3,Machine 2,ABC134,0.0,0.0
2025-05-14,3,Machine 3,ABC123,0.0,0.0
2025-05-15,1,Machine 1,ABC132,150.0,450.0
2025-05-15,1,Machine 2,ABC134,0.0,0.0
2025-05-15,1,Machine 3,ABC123,0.0,0.0
2025-05-15,2,Machine 1,ABC132,150.0,600.0
2025-05-15,2,Machine 2,ABC134,0.0,0.0
2025-05-15,2,Machine 3,ABC123,0.0,0.0
2025-05-15,3,Machine 1,ABC132,150.0,750.0
2025-05-15,3,Machine 2,ABC134,0.0,0.0
2025-05-15,3,Machine 3,ABC123,0.0,0.0
2025-05-16,1,Machine 1,ABC135,150.0,150.0
2025-05-16,1,Machine 2,ABC134,0.0,0.0
2025-05-16,1,Machine 3,ABC123,0.0,0.0
2025-05-16,2,Machine 1,ABC135,150.0,300.0
2025-05-16,2,Machine 2,ABC134,0.0,0.0
2025-05-16,2,Machine 3,ABC123,0.0,0.0
2025-05-16,3,Machine 1,ABC135,150.0,450.0
2025-05-16,3,Machine 2,ABC134,0.0,0.0
2025-05-16,3,Machine 3,ABC137,0.0,0.0
2025-05-19,1,Machine 1,ABC135,150.0,600.0
2025-05-19,1,Machine 2,ABC134,0.0,0.0
2025-05-19,1,Machine 3,ABC137,0.0,0.0
2025-05-19,2,Machine 1,ABC135,150.0,750.0
2025-05-19,2,Machine 2,ABC134,0.0,0.0
2025-05-19,2,Machine 3,ABC137,0.0,0.0
2025-05-19,3,Machine 1,ABC135,150.0,900.0
2025-05-19,3,Machine 2,ABC134,0.0,0.0
2025-05-19,3,Machine 3,ABC137,0.0,0.0
2025-05-20,1,Machine 1,ABC135,150.0,1050.0
2025-05-20,1,Machine 2,None,0.0,0.0
2025-05-20,1,Machine 3,ABC137,0.0,0.0
2025-05-20,2,Machine 1,ABC135,150.0,1200.0
2025-05-20,2,Machine 2,None,0.0,0.0
2025-05-20,2,Machine 3,ABC137,0.0,0.0
2025-05-20,3,Machine 1,ABC135,150.0,1350.0
2025-05-20,3,Machine 2,None,0.0,0.0
2025-05-20,3,Machine 3,ABC137,0.0,0.0
2025-05-21,1,Machine 1,ABC135,150.0,1500.0
2025-05-21,1,Machine 2,None,0.0,0.0
2025-05-21,1,Machine 3,ABC137,0.0,0.0
2025-05-21,2,Machine 1,ABC135,150.0,1650.0
2025-05-21,2,Machine 2,None,0.0,0.0
2025-05-21,2,Machine 3,ABC134,195.0,195.0
2025-05-21,3,Machine 1,ABC135,150.0,1800.0
2025-05-21,3,Machine 2,None,0.0,0.0
2025-05-21,3,Machine 3,ABC137,0.0,0.0
2025-05-22,1,Machine 1,ABC135,150.0,1950.0
2025-05-22,1,Machine 2,None,0.0,0.0
2025-05-22,1,Machine 3,ABC137,0.0,0.0
2025-05-22,2,Machine 1,ABC135,150.0,2100.0
2025-05-22,2,Machine 2,None,0.0,0.0
2025-05-22,2,Machine 3,ABC137,0.0,0.0
2025-05-22,3,Machine 1,ABC135,150.0,2250.0
2025-05-22,3,Machine 2,None,0.0,0.0
2025-05-22,3,Machine 3,ABC137,0.0,0.0
2025-05-23,1,Machine 1,ABC135,150.0,2400.0
2025-05-23,1,Machine 2,None,0.0,0.0
2025-05-23,1,Machine 3,ABC137,0.0,0.0
2025-05-23,2,Machine 1,ABC135,150.0,2550.0
2025-05-23,2,Machine 2,None,0.0,0.0
2025-05-23,2,Machine 3,ABC137,0.0,0.0
2025-05-23,3,Machine 1,ABC135,150.0,2700.0
2025-05-23,3,Machine 2,None,0.0,0.0
2025-05-23,3,Machine 3,ABC137,0.0,0.0
2025-05-26,1,Machine 1,ABC135,150.0,2850.0
2025-05-26,1,Machine 2,None,0.0,0.0
2025-05-26,1,Machine 3,ABC137,0.0,0.0
2025-05-26,2,Machine 1,ABC129,0.0,0.0
2025-05-26,2,Machine 2,None,0.0,0.0
2025-05-26,2,Machine 3,ABC137,0.0,0.0
2025-05-26,3,Machine 1,ABC129,150.0,150.0
2025-05-26,3,Machine 2,None,0.0,0.0
2025-05-26,3,Machine 3,ABC137,0.0,0.0
2025-05-27,1,Machine 1,ABC135,0.0,2850.0
2025-05-27,1,Machine 2,None,0.0,0.0
2025-05-27,1,Machine 3,ABC137,0.0,0.0
2025-05-27,2,Machine 1,ABC135,150.0,3000.0
2025-05-27,2,Machine 2,None,0.0,0.0
2025-05-27,2,Machine 3,ABC137,0.0,0.0
2025-05-27,3,Machine 1,ABC135,150.0,3150.0
2025-05-27,3,Machine 2,None,0.0,0.0
2025-05-27,3,Machine 3,ABC137,0.0,0.0
2025-05-28,1,Machine 1,ABC135,150.0,3300.0
2025-05-28,1,Machine 2,None,0.0,0.0
2025-05-28,1,Machine 3,ABC137,0.0,0.0
2025-05-28,2,Machine 1,ABC135,150.0,3450.0
2025-05-28,2,Machine 2,None,0.0,0.0
2025-05-28,2,Machine 3,ABC137,0.0,0.0
2025-05-28,3,Machine 1,ABC135,150.0,3600.0
2025-05-28,3,Machine 2,None,0.0,0.0
2025-05-28,3,Machine 3,ABC137,0.0,0.0
2025-05-29,1,Machine 1,ABC135,150.0,3750.0
2025-05-29,1,Machine 2,None,0.0,0.0
2025-05-29,1,Machine 3,ABC137,0.0,0.0
2025-05-29,2,Machine 1,ABC135,150.0,3900.0
2025-05-29,2,Machine 2,None,0.0,0.0
2025-05-29,2,Machine 3,ABC137,0.0,0.0
2025-05-29,3,Machine 1,ABC135,150.0,4050.0
2025-05-29,3,Machine 2,None,0.0,0.0
2025-05-29,3,Machine 3,ABC137,0.0,0.0
2025-05-30,1,Machine 1,ABC135,150.0,4200.0
2025-05-30,1,Machine 2,None,0.0,0.0
2025-05-30,1,Machine 3,ABC137,0.0,0.0
2025-05-30,2,Machine 1,ABC135,150.0,4350.0
2025-05-30,2,Machine 2,None,0.0,0.0
2025-05-30,2,Machine 3,ABC137,0.0,0.0
2025-05-30,3,Machine 1,ABC135,150.0,4500.0
2025-05-30,3,Machine 2,None,0.0,0.0
2025-05-30,3,Machine 3,ABC137,0.0,0.0
2025-06-02,1,Machine 1,ABC135,150.0,4650.0
2025-06-02,1,Machine 2,None,0.0,0.0
2025-06-02,1,Machine 3,ABC137,0.0,0.0
2025-06-02,2,Machine 1,ABC135,150.0,4800.0
2025-06-02,2,Machine 2,None,0.0,0.0
2025-06-02,2,Machine 3,ABC137,0.0,0.0
2025-06-02,3,Machine 1,ABC135,150.0,4950.0
2025-06-02,3,Machine 2,None,0.0,0.0
2025-06-02,3,Machine 3,ABC137,0.0,0.0
2025-06-03,1,Machine 1,ABC135,150.0,5100.0
2025-06-03,1,Machine 2,None,0.0,0.0
2025-06-03,1,Machine 3,ABC137,0.0,0.0
2025-06-03,2,Machine 1,ABC129,0.0,150.0
2025-06-03,2,Machine 2,None,0.0,0.0
2025-06-03,2,Machine 3,ABC137,0.0,0.0
2025-06-03,3,Machine 1,ABC135,0.0,5100.0
2025-06-03,3,Machine 2,None,0.0,0.0
2025-06-03,3,Machine 3,ABC137,0.0,0.0
2025-06-04,1,Machine 1,ABC129,0.0,150.0
2025-06-04,1,Machine 2,None,0.0,0.0
2025-06-04,1,Machine 3,ABC137,0.0,0.0
2025-06-04,2,Machine 1,ABC135,0.0,5100.0
2025-06-04,2,Machine 2,None,0.0,0.0
2025-06-04,2,Machine 3,ABC137,0.0,0.0
2025-06-04,3,Machine 1,ABC129,0.0,150.0
2025-06-04,3,Machine 2,None,0.0,0.0
2025-06-04,3,Machine 3,ABC137,0.0,0.0
2025-06-05,1,Machine 1,ABC135,0.0,5100.0
2025-06-05,1,Machine 2,None,0.0,0.0
2025-06-05,1,Machine 3,ABC137,0.0,0.0
2025-06-05,2,Machine 1,ABC129,0.0,150.0
2025-06-05,2,Machine 2,None,0.0,0.0
2025-06-05,2,Machine 3,ABC137,0.0,0.0
2025-06-05,3,Machine 1,ABC135,0.0,5100.0
2025-06-05,3,Machine 2,None,0.0,0.0
2025-06-05,3,Machine 3,ABC137,0.0,0.0
2025-06-06,1,Machine 1,ABC129,0.0,150.0
2025-06-06,1,Machine 2,None,0.0,0.0
2025-06-06,1,Machine 3,ABC137,0.0,0.0
2025-06-06,2,Machine 1,ABC135,0.0,5100.0
2025-06-06,2,Machine 2,None,0.0,0.0
2025-06-06,2,Machine 3,ABC137,0.0,0.0
2025-06-06,3,Machine 1,ABC129,0.0,150.0
2025-06-06,3,Machine 2,None,0.0,0.0
2025-06-06,3,Machine 3,ABC137,0.0,0.0
2025-06-09,1,Machine 1,ABC135,0.0,5100.0
2025-06-09,1,Machine 2,None,0.0,0.0
2025-06-09,1,Machine 3,ABC137,0.0,0.0
2025-06-09,2,Machine 1,ABC129,0.0,150.0
2025-06-09,2,Machine 2,None,0.0,0.0
2025-06-09,2,Machine 3,ABC137,0.0,0.0
2025-06-09,3,Machine 1,ABC135,0.0,5100.0
2025-06-09,3,Machine 2,None,0.0,0.0
2025-06-09,3,Machine 3,ABC137,0.0,0.0
2025-06-10,1,Machine 1,ABC129,0.0,150.0
2025-06-10,1,Machine 2,None,0.0,0.0
2025-06-10,1,Machine 3,ABC137,0.0,0.0
2025-06-10,2,Machine 1,ABC135,0.0,5100.0
2025-06-10,2,Machine 2,None,0.0,0.0
2025-06-10,2,Machine 3,ABC137,0.0,0.0
2025-06-10,3,Machine 1,ABC129,0.0,150.0
2025-06-10,3,Machine 2,None,0.0,0.0
2025-06-10,3,Machine 3,ABC137,0.0,0.0
2025-06-11,1,Machine 1,ABC135,0.0,5100.0
2025-06-11,1,Machine 2,None,0.0,0.0
2025-06-11,1,Machine 3,ABC137,0.0,0.0
2025-06-11,2,Machine 1,ABC129,0.0,150.0
2025-06-11,2,Machine 2,None,0.0,0.0
2025-06-11,2,Machine 3,ABC137,0.0,0.0
2025-06-11,3,Machine 1,ABC135,0.0,5100.0
2025-06-11,3,Machine 2,None,0.0,0.0
2025-06-11,3,Machine 3,ABC137,0.0,0.0
2025-06-12,1,Machine 1,ABC129,0.0,150.0
2025-06-12,1,Machine 2,None,0.0,0.0
2025-06-12,1,Machine 3,ABC137,0.0,0.0
2025-06-12,2,Machine 1,ABC135,0.0,5100.0
2025-06-12,2,Machine 2,None,0.0,0.0
2025-06-12,2,Machine 3,ABC137,0.0,0.0
2025-06-12,3,Machine 1,ABC129,0.0,150.0
2025-06-12,3,Machine 2,None,0.0,0.0
2025-06-12,3,Machine 3,ABC137,0.0,0.0
2025-06-13,1,Machine 1,ABC135,0.0,5100.0
2025-06-13,1,Machine 2,None,0.0,0.0
2025-06-13,1,Machine 3,ABC137,0.0,0.0
2025-06-13,2,Machine 1,ABC129,0.0,150.0
2025-06-13,2,Machine 2,None,0.0,0.0
2025-06-13,2,Machine 3,ABC137,0.0,0.0
2025-06-13,3,Machine 1,ABC135,0.0,5100.0
2025-06-13,3,Machine 2,None,0.0,0.0
2025-06-13,3,Machine 3,ABC137,0.0,0.0
2025-06-16,1,Machine 1,ABC129,0.0,150.0
2025-06-16,1,Machine 2,None,0.0,0.0
2025-06-16,1,Machine 3,ABC137,0.0,0.0
2025-06-16,2,Machine 1,ABC135,0.0,5100.0
2025-06-16,2,Machine 2,None,0.0,0.0
2025-06-16,2,Machine 3,ABC137,0.0,0.0
2025-06-16,3,Machine 1,ABC129,0.0,150.0
2025-06-16,3,Machine 2,None,0.0,0.0
2025-06-16,3,Machine 3,ABC137,0.0,0.0
2025-06-17,1,Machine 1,ABC135,0.0,5100.0
2025-06-17,1,Machine 2,None,0.0,0.0
2025-06-17,1,Machine 3,ABC137,0.0,0.0
2025-06-17,2,Machine 1,ABC129,0.0,150.0
2025-06-17,2,Machine 2,None,0.0,0.0
2025-06-17,2,Machine 3,ABC137,0.0,0.0
2025-06-17,3,Machine 1,ABC135,0.0,5100.0
2025-06-17,3,Machine 2,None,0.0,0.0
2025-06-17,3,Machine 3,ABC137,0.0,0.0
2025-06-18,1,Machine 1,ABC129,0.0,150.0
2025-06-18,1,Machine 2,None,0.0,0.0
2025-06-18,1,Machine 3,ABC137,0.0,0.0
2025-06-18,2,Machine 1,ABC135,0.0,5100.0
2025-06-18,2,Machine 2,None,0.0,0.0
2025-06-18,2,Machine 3,ABC137,0.0,0.0
2025-06-18,3,Machine 1,ABC129,0.0,150.0
2025-06-18,3,Machine 2,None,0.0,0.0
2025-06-18,3,Machine 3,ABC137,0.0,0.0
2025-06-19,1,Machine 1,ABC135,0.0,5100.0
2025-06-19,1,Machine 2,None,0.0,0.0
2025-06-19,1,Machine 3,ABC137,0.0,0.0
2025-06-19,2,Machine 1,ABC129,0.0,150.0
2025-06-19,2,Machine 2,None,0.0,0.0
2025-06-19,2,Machine 3,ABC137,0.0,0.0
2025-06-19,3,Machine 1,ABC135,0.0,5100.0
2025-06-19,3,Machine 2,None,0.0,0.0
2025-06-19,3,Machine 3,ABC137,0.0,0.0
2025-06-20,1,Machine 1,ABC129,0.0,150.0
2025-06-20,1,Machine 2,None,0.0,0.0
2025-06-20,1,Machine 3,ABC137,0.0,0.0
2025-06-20,2,Machine 1,ABC135,0.0,5100.0
2025-06-20,2,Machine 2,None,0.0,0.0
2025-06-20,2,Machine 3,ABC137,0.0,0.0
2025-06-20,3,Machine 1,ABC129,0.0,150.0
2025-06-20,3,Machine 2,None,0.0,0.0
2025-06-20,3,Machine 3,ABC137,0.0,0.0
2025-06-23,1,Machine 1,ABC135,0.0,5100.0
2025-06-23,1,Machine 2,None,0.0,0.0
2025-06-23,1,Machine 3,ABC137,0.0,0.0
2025-06-23,2,Machine 1,ABC129,0.0,150.0
2025-06-23,2,Machine 2,None,0.0,0.0
2025-06-23,2,Machine 3,ABC137,0.0,0.0
2025-06-23,3,Machine 1,ABC135,0.0,5100.0
2025-06-23,3,Machine 2,None,0.0,0.0
2025-06-23,3,Machine 3,ABC137,0.0,0.0
2025-06-24,1,Machine 1,ABC129,0.0,150.0
2025-06-24,1,Machine 2,None,0.0,0.0
2025-06-24,1,Machine 3,ABC137,0.0,0.0
2025-06-24,2,Machine 1,ABC135,0.0,5100.0
2025-06-24,2,Machine 2,None,0.0,0.0
2025-06-24,2,Machine 3,ABC137,0.0,0.0
2025-06-24,3,Machine 1,ABC129,0.0,150.0
2025-06-24,3,Machine 2,None,0.0,0.0
2025-06-24,3,Machine 3,ABC137,0.0,0.0
2025-06-25,1,Machine 1,ABC135,0.0,5100.0
2025-06-25,1,Machine 2,None,0.0,0.0
2025-06-25,1,Machine 3,ABC137,0.0,0.0
2025-06-25,2,Machine 1,ABC129,0.0,150.0
2025-06-25,2,Machine 2,None,0.0,0.0
2025-06-25,2,Machine 3,ABC137,0.0,0.0
2025-06-25,3,Machine 1,ABC135,0.0,5100.0
2025-06-25,3,Machine 2,None,0.0,0.0
2025-06-25,3,Machine 3,ABC137,0.0,0.0
2025-06-26,1,Machine 1,ABC129,0.0,150.0
2025-06-26,1,Machine 2,None,0.0,0.0
2025-06-26,1,Machine 3,ABC137,0.0,0.0
2025-06-26,2,Machine 1,ABC135,0.0,5100.0
2025-06-26,2,Machine 2,None,0.0,0.0
2025-06-26,2,Machine 3,ABC137,0.0,0.0
2025-06-26,3,Machine 1,ABC129,0.0,150.0
2025-06-26,3,Machine 2,None,0.0,0.0
2025-06-26,3,Machine 3,ABC137,0.0,0.0
2025-06-27,1,Machine 1,ABC135,0.0,5100.0
2025-06-27,1,Machine 2,None,0.0,0.0
2025-06-27,1,Machine 3,ABC137,0.0,0.0
2025-06-27,2,Machine 1,ABC129,0.0,150.0
2025-06-27,2,Machine 2,None,0.0,0.0
2025-06-27,2,Machine 3,ABC137,0.0,0.0
2025-06-27,3,Machine 1,ABC135,0.0,5100.0
2025-06-27,3,Machine 2,None,0.0,0.0
2025-06-27,3,Machine 3,ABC137,0.0,0.0
2025-06-30,1,Machine 1,ABC129,0.0,150.0
2025-06-30,1,Machine 2,None,0.0,0.0
2025-06-30,1,Machine 3,ABC137,0.0,0.0
2025-06-30,2,Machine 1,ABC135,0.0,5100.0
2025-06-30,2,Machine 2,None,0.0,0.0
2025-06-30,2,Machine 3,ABC137,0.0,0.0
2025-06-30,3,Machine 1,ABC129,0.0,150.0
2025-06-30,3,Machine 2,None,0.0,0.0
2025-06-30,3,Machine 3,ABC137,0.0,0.0
2025-07-01,1,Machine 1,ABC135,0.0,5100.0
2025-07-01,1,Machine 2,None,0.0,0.0
2025-07-01,1,Machine 3,ABC137,0.0,0.0
2025-07-01,2,Machine 1,ABC129,0.0,150.0
2025-07-01,2,Machine 2,None,0.0,0.0
2025-07-01,2,Machine 3,ABC137,0.0,0.0
2025-07-01,3,Machine 1,ABC135,0.0,5100.0
2025-07-01,3,Machine 2,None,0.0,0.0
2025-07-01,3,Machine 3,ABC137,0.0,0.0
2025-07-02,1,Machine 1,ABC129,0.0,150.0
2025-07-02,1,Machine 2,None,0.0,0.0
2025-07-02,1,Machine 3,ABC137,0.0,0.0
2025-07-02,2,Machine 1,ABC135,0.0,5100.0
2025-07-02,2,Machine 2,None,0.0,0.0
2025-07-02,2,Machine 3,ABC137,0.0,0.0
2025-07-02,3,Machine 1,ABC129,0.0,150.0
2025-07-02,3,Machine 2,None,0.0,0.0
2025-07-02,3,Machine 3,ABC137,0.0,0.0
2025-07-03,1,Machine 1,ABC135,0.0,5100.0
2025-07-03,1,Machine 2,None,0.0,0.0
2025-07-03,1,Machine 3,ABC137,0.0,0.0
2025-07-03,2,Machine 1,ABC129,0.0,150.0
2025-07-03,2,Machine 2,None,0.0,0.0
2025-07-03,2,Machine 3,ABC137,0.0,0.0
2025-07-03,3,Machine 1,ABC135,0.0,5100.0
2025-07-03,3,Machine 2,None,0.0,0.0
2025-07-03,3,Machine 3,ABC137,0.0,0.0
2025-07-04,1,Machine 1,ABC129,0.0,150.0
2025-07-04,1,Machine 2,None,0.0,0.0
2025-07-04,1,Machine 3,ABC137,0.0,0.0
2025-07-04,2,Machine 1,ABC135,0.0,5100.0
2025-07-04,2,Machine 2,None,0.0,0.0
2025-07-04,2,Machine 3,ABC137,0.0,0.0
2025-07-04,3,Machine 1,ABC129,0.0,150.0
2025-07-04,3,Machine 2,None,0.0,0.0
2025-07-04,3,Machine 3,ABC137,0.0,0.0
2025-07-07,1,Machine 1,ABC135,0.0,5100.0
2025-07-07,1,Machine 2,None,0.0,0.0
2025-07-07,1,Machine 3,ABC137,0.0,0.0
2025-07-07,2,Machine 1,ABC129,0.0,150.0
2025-07-07,2,Machine 2,None,0.0,0.0
2025-07-07,2,Machine 3,ABC137,0.0,0.0
2025-07-07,3,Machine 1,ABC135,0.0,5100.0
2025-07-07,3,Machine 2,None,0.0,0.0
2025-07-07,3,Machine 3,ABC137,0.0,0.0
2025-07-08,1,Machine 1,ABC129,0.0,150.0
2025-07-08,1,Machine 2,None,0.0,0.0
2025-07-08,1,Machine 3,ABC137,0.0,0.0
2025-07-08,2,Machine 1,ABC135,0.0,5100.0
2025-07-08,2,Machine 2,None,0.0,0.0
2025-07-08,2,Machine 3,ABC137,0.0,0.0
2025-07-08,3,Machine 1,ABC129,0.0,150.0
2025-07-08,3,Machine 2,None,0.0,0.0
2025-07-08,3,Machine 3,ABC137,0.0,0.0
2025-07-09,1,Machine 1,ABC135,0.0,5100.0
2025-07-09,1,Machine 2,None,0.0,0.0
2025-07-09,1,Machine 3,ABC137,0.0,0.0
2025-07-09,2,Machine 1,ABC129,0.0,150.0
2025-07-09,2,Machine 2,None,0.0,0.0
2025-07-09,2,Machine 3,ABC137,0.0,0.0
2025-07-09,3,Machine 1,ABC135,0.0,5100.0
2025-07-09,3,Machine 2,None,0.0,0.0
2025-07-09,3,Machine 3,ABC137,0.0,0.0
2025-07-10,1,Machine 1,ABC129,0.0,150.0
2025-07-10,1,Machine 2,None,0.0,0.0
2025-07-10,1,Machine 3,ABC137,0.0,0.0
2025-07-10,2,Machine 1,ABC135,0.0,5100.0
2025-07-10,2,Machine 2,None,0.0,0.0
2025-07-10,2,Machine 3,ABC137,0.0,0.0
2025-07-10,3,Machine 1,ABC129,0.0,150.0
2025-07-10,3,Machine 2,None,0.0,0.0
2025-07-10,3,Machine 3,ABC137,0.0,0.0
2025-07-11,1,Machine 1,ABC135,0.0,5100.0
2025-07-11,1,Machine 2,None,0.0,0.0
2025-07-11,1,Machine 3,ABC137,0.0,0.0
2025-07-11,2,Machine 1,ABC129,0.0,150.0
2025-07-11,2,Machine 2,None,0.0,0.0
2025-07-11,2,Machine 3,ABC137,0.0,0.0
2025-07-11,3,Machine 1,ABC135,0.0,5100.0
2025-07-11,3,Machine 2,None,0.0,0.0
2025-07-11,3,Machine 3,ABC137,0.0,0.0
2025-07-14,1,Machine 1,ABC129,0.0,150.0
2025-07-14,1,Machine 2,None,0.0,0.0
2025-07-14,1,Machine 3,ABC137,0.0,0.0
2025-07-14,2,Machine 1,ABC135,0.0,5100.0
2025-07-14,2,Machine 2,None,0.0,0.0
2025-07-14,2,Machine 3,ABC137,0.0,0.0
2025-07-14,3,Machine 1,ABC129,0.0,150.0
2025-07-14,3,Machine 2,None,0.0,0.0
2025-07-14,3,Machine 3,ABC137,0.0,0.0
2025-07-15,1,Machine 1,ABC135,0.0,5100.0
2025-07-15,1,Machine 2,None,0.0,0.0
2025-07-15,1,Machine 3,ABC137,0.0,0.0
2025-07-15,2,Machine 1,ABC129,0.0,150.0
2025-07-15,2,Machine 2,None,0.0,0.0
2025-07-15,2,Machine 3,ABC137,0.0,0.0
2025-07-15,3,Machine 1,ABC135,0.0,5100.0
2025-07-15,3,Machine 2,None,0.0,0.0
2025-07-15,3,Machine 3,ABC137,0.0,0.0
2025-07-16,1,Machine 1,ABC129,0.0,150.0
2025-07-16,1,Machine 2,None,0.0,0.0
2025-07-16,1,Machine 3,ABC137,0.0,0.0
2025-07-16,2,Machine 1,ABC135,0.0,5100.0
2025-07-16,2,Machine 2,None,0.0,0.0
2025-07-16,2,Machine 3,ABC137,0.0,0.0
2025-07-16,3,Machine 1,ABC129,0.0,150.0
2025-07-16,3,Machine 2,None,0.0,0.0
2025-07-16,3,Machine 3,ABC137,0.0,0.0
2025-07-17,1,Machine 1,ABC135,0.0,5100.0
2025-07-17,1,Machine 2,None,0.0,0.0
2025-07-17,1,Machine 3,ABC137,0.0,0.0
2025-07-17,2,Machine 1,ABC129,0.0,150.0
2025-07-17,2,Machine 2,None,0.0,0.0
2025-07-17,2,Machine 3,ABC137,0.0,0.0
2025-07-17,3,Machine 1,ABC135,0.0,5100.0
2025-07-17,3,Machine 2,None,0.0,0.0
2025-07-17,3,Machine 3,ABC137,0.0,0.0
2025-07-18,1,Machine 1,ABC129,0.0,150.0
2025-07-18,1,Machine 2,None,0.0,0.0
2025-07-18,1,Machine 3,ABC137,0.0,0.0
2025-07-18,2,Machine 1,ABC135,0.0,5100.0
2025-07-18,2,Machine 2,None,0.0,0.0
2025-07-18,2,Machine 3,ABC137,0.0,0.0
2025-07-18,3,Machine 1,ABC129,0.0,150.0
2025-07-18,3,Machine 2,None,0.0,0.0
2025-07-18,3,Machine 3,ABC137,0.0,0.0
2025-07-21,1,Machine 1,ABC135,0.0,5100.0
2025-07-21,1,Machine 2,None,0.0,0.0
2025-07-21,1,Machine 3,ABC137,0.0,0.0
2025-07-21,2,Machine 1,ABC129,0.0,150.0
2025-07-21,2,Machine 2,None,0.0,0.0
2025-07-21,2,Machine 3,ABC137,0.0,0.0
2025-07-21,3,Machine 1,ABC135,0.0,5100.0
2025-07-21,3,Machine 2,None,0.0,0.0
2025-07-21,3,Machine 3,ABC137,0.0,0.0
2025-07-22,1,Machine 1,ABC129,0.0,150.0
2025-07-22,1,Machine 2,None,0.0,0.0
2025-07-22,1,Machine 3,ABC137,0.0,0.0
2025-07-22,2,Machine 1,ABC135,0.0,5100.0
2025-07-22,2,Machine 2,None,0.0,0.0
2025-07-22,2,Machine 3,ABC137,0.0,0.0
2025-07-22,3,Machine 1,ABC129,0.0,150.0
2025-07-22,3,Machine 2,None,0.0,0.0
2025-07-22,3,Machine 3,ABC137,0.0,0.0
2025-07-23,1,Machine 1,ABC135,0.0,5100.0
2025-07-23,1,Machine 2,None,0.0,0.0
2025-07-23,1,Machine 3,ABC137,0.0,0.0
2025-07-23,2,Machine 1,ABC129,0.0,150.0
2025-07-23,2,Machine 2,None,0.0,0.0
2025-07-23,2,Machine 3,ABC137,0.0,0.0
2025-07-23,3,Machine 1,ABC135,0.0,5100.0
2025-07-23,3,Machine 2,None,0.0,0.0
2025-07-23,3,Machine 3,ABC137,0.0,0.0
2025-07-24,1,Machine 1,ABC129,0.0,150.0
2025-07-24,1,Machine 2,None,0.0,0.0
2025-07-24,1,Machine 3,ABC137,0.0,0.0
2025-07-24,2,Machine 1,ABC135,0.0,5100.0
2025-07-24,2,Machine 2,None,0.0,0.0
2025-07-24,2,Machine 3,ABC137,0.0,0.0
2025-07-24,3,Machine 1,ABC129,0.0,150.0
2025-07-24,3,Machine 2,None,0.0,0.0
2025-07-24,3,Machine 3,ABC137,0.0,0.0
2025-07-25,1,Machine 1,ABC135,0.0,5100.0
2025-07-25,1,Machine 2,None,0.0,0.0
2025-07-25,1,Machine 3,ABC137,0.0,0.0
2025-07-25,2,Machine 1,ABC129,0.0,150.0
2025-07-25,2,Machine 2,None,0.0,0.0
2025-07-25,2,Machine 3,ABC137,0.0,0.0
2025-07-25,3,Machine 1,ABC135,0.0,5100.0
2025-07-25,3,Machine 2,None,0.0,0.0
2025-07-25,3,Machine 3,ABC137,0.0,0.0
2025-07-28,1,Machine 1,ABC129,0.0,150.0
2025-07-28,1,Machine 2,None,0.0,0.0
2025-07-28,1,Machine 3,ABC137,0.0,0.0
2025-07-28,2,Machine 1,ABC135,0.0,5100.0
2025-07-28,2,Machine 2,None,0.0,0.0
2025-07-28,2,Machine 3,ABC137,0.0,0.0
2025-07-28,3,Machine 1,ABC129,0.0,150.0
2025-07-28,3,Machine 2,None,0.0,0.0
2025-07-28,3,Machine 3,ABC137,0.0,0.0
2025-07-29,1,Machine 1,ABC135,0.0,5100.0
2025-07-29,1,Machine 2,None,0.0,0.0
2025-07-29,1,Machine 3,ABC137,0.0,0.0
2025-07-29,2,Machine 1,ABC129,0.0,150.0
2025-07-29,2,Machine 2,None,0.0,0.0
2025-07-29,2,Machine 3,ABC137,0.0,0.0
2025-07-29,3,Machine 1,ABC135,0.0,5100.0
2025-07-29,3,Machine 2,None,0.0,0.0
2025-07-29,3,Machine 3,ABC137,0.0,0.0
2025-07-30,1,Machine 1,ABC129,0.0,150.0
2025-07-30,1,Machine 2,None,0.0,0.0
2025-07-30,1,Machine 3,ABC137,0.0,0.0
2025-07-30,2,Machine 1,ABC135,0.0,5100.0
2025-07-30,2,Machine 2,None,0.0,0.0
2025-07-30,2,Machine 3,ABC137,0.0,0.0
2025-07-30,3,Machine 1,ABC129,0.0,150.0
2025-07-30,3,Machine 2,None,0.0,0.0
2025-07-30,3,Machine 3,ABC137,0.0,0.0
2025-07-31,1,Machine 1,ABC135,0.0,5100.0
2025-07-31,1,Machine 2,None,0.0,0.0
2025-07-31,1,Machine 3,ABC137,0.0,0.0
2025-07-31,2,Machine 1,ABC129,0.0,150.0
2025-07-31,2,Machine 2,None,0.0,0.0
2025-07-31,2,Machine 3,ABC137,0.0,0.0
2025-07-31,3,Machine 1,ABC135,0.0,5100.0
2025-07-31,3,Machine 2,None,0.0,0.0
2025-07-31,3,Machine 3,ABC137,0.0,0.0
2025-08-01,1,Machine 1,ABC129,0.0,150.0
2025-08-01,1,Machine 2,None,0.0,0.0
2025-08-01,1,Machine 3,ABC137,0.0,0.0
2025-08-01,2,Machine 1,ABC135,0.0,5100.0
2025-08-01,2,Machine 2,None,0.0,0.0
2025-08-01,2,Machine 3,ABC137,0.0,0.0
2025-08-01,3,Machine 1,ABC129,0.0,150.0
2025-08-01,3,Machine 2,None,0.0,0.0
2025-08-01,3,Machine 3,ABC137,0.0,0.0
2025-08-04,1,Machine 1,ABC135,0.0,5100.0
2025-08-04,1,Machine 2,None,0.0,0.0
2025-08-04,1,Machine 3,ABC137,0.0,0.0
2025-08-04,2,Machine 1,ABC129,0.0,150.0
2025-08-04,2,Machine 2,None,0.0,0.0
2025-08-04,2,Machine 3,ABC137,0.0,0.0
2025-08-04,3,Machine 1,ABC135,0.0,5100.0
2025-08-04,3,Machine 2,None,0.0,0.0
2025-08-04,3,Machine 3,ABC137,0.0,0.0
2025-08-05,1,Machine 1,ABC129,0.0,150.0
2025-08-05,1,Machine 2,None,0.0,0.0
2025-08-05,1,Machine 3,ABC137,0.0,0.0
2025-08-05,2,Machine 1,ABC135,0.0,5100.0
2025-08-05,2,Machine 2,None,0.0,0.0
2025-08-05,2,Machine 3,ABC137,0.0,0.0
2025-08-05,3,Machine 1,ABC129,0.0,150.0
2025-08-05,3,Machine 2,None,0.0,0.0
2025-08-05,3,Machine 3,ABC137,0.0,0.0
2025-08-06,1,Machine 1,ABC135,0.0,5100.0
2025-08-06,1,Machine 2,None,0.0,0.0
2025-08-06,1,Machine 3,ABC137,0.0,0.0
2025-08-06,2,Machine 1,ABC129,0.0,150.0
2025-08-06,2,Machine 2,None,0.0,0.0
2025-08-06,2,Machine 3,ABC137,0.0,0.0
2025-08-06,3,Machine 1,ABC135,0.0,5100.0
2025-08-06,3,Machine 2,None,0.0,0.0
2025-08-06,3,Machine 3,ABC137,0.0,0.0
2025-08-07,1,Machine 1,ABC129,0.0,150.0
2025-08-07,1,Machine 2,None,0.0,0.0
2025-08-07,1,Machine 3,ABC137,0.0,0.0
2025-08-07,2,Machine 1,ABC135,0.0,5100.0
2025-08-07,2,Machine 2,None,0.0,0.0
2025-08-07,2,Machine 3,ABC137,0.0,0.0
2025-08-07,3,Machine 1,ABC129,0.0,150.0
2025-08-07,3,Machine 2,None,0.0,0.0
2025-08-07,3,Machine 3,ABC137,0.0,0.0
2025-08-08,1,Machine 1,ABC135,0.0,5100.0
2025-08-08,1,Machine 2,None,0.0,0.0
2025-08-08,1,Machine 3,ABC137,0.0,0.0
2025-08-08,2,Machine 1,ABC129,0.0,150.0
2025-08-08,2,Machine 2,None,0.0,0.0
2025-08-08,2,Machine 3,ABC137,0.0,0.0
2025-08-08,3,Machine 1,ABC135,0.0,5100.0
2025-08-08,3,Machine 2,None,0.0,0.0
2025-08-08,3,Machine 3,ABC137,0.0,0.0
2025-08-11,1,Machine 1,ABC129,0.0,150.0
2025-08-11,1,Machine 2,None,0.0,0.0
2025-08-11,1,Machine 3,ABC137,0.0,0.0
2025-08-11,2,Machine 1,ABC135,0.0,5100.0
2025-08-11,2,Machine 2,None,0.0,0.0
2025-08-11,2,Machine 3,ABC137,0.0,0.0
2025-08-11,3,Machine 1,ABC129,0.0,150.0
2025-08-11,3,Machine 2,None,0.0,0.0
2025-08-11,3,Machine 3,ABC137,0.0,0.0
2025-08-12,1,Machine 1,ABC135,0.0,5100.0
2025-08-12,1,Machine 2,None,0.0,0.0
2025-08-12,1,Machine 3,ABC137,0.0,0.0
2025-08-12,2,Machine 1,ABC129,0.0,150.0
2025-08-12,2,Machine 2,None,0.0,0.0
2025-08-12,2,Machine 3,ABC137,0.0,0.0
2025-08-12,3,Machine 1,ABC135,0.0,5100.0
2025-08-12,3,Machine 2,None,0.0,0.0
2025-08-12,3,Machine 3,ABC137,0.0,0.0
2025-08-13,1,Machine 1,ABC129,0.0,150.0
2025-08-13,1,Machine 2,None,0.0,0.0
2025-08-13,1,Machine 3,ABC137,0.0,0.0
2025-08-13,2,Machine 1,ABC135,0.0,5100.0
2025-08-13,2,Machine 2,None,0.0,0.0
2025-08-13,2,Machine 3,ABC137,0.0,0.0
2025-08-13,3,Machine 1,ABC129,0.0,150.0
2025-08-13,3,Machine 2,None,0.0,0.0
2025-08-13,3,Machine 3,ABC137,0.0,0.0
2025-08-14,1,Machine 1,ABC135,0.0,5100.0
2025-08-14,1,Machine 2,None,0.0,0.0
2025-08-14,1,Machine 3,ABC137,0.0,0.0
2025-08-14,2,Machine 1,ABC129,0.0,150.0
2025-08-14,2,Machine 2,None,0.0,0.0
2025-08-14,2,Machine 3,ABC137,0.0,0.0
2025-08-14,3,Machine 1,ABC135,0.0,5100.0
2025-08-14,3,Machine 2,None,0.0,0.0
2025-08-14,3,Machine 3,ABC137,0.0,0.0
2025-08-15,1,Machine 1,ABC129,0.0,150.0
2025-08-15,1,Machine 2,None,0.0,0.0
2025-08-15,1,Machine 3,ABC137,0.0,0.0
2025-08-15,2,Machine 1,ABC135,0.0,5100.0
2025-08-15,2,Machine 2,None,0.0,0.0
2025-08-15,2,Machine 3,ABC137,0.0,0.0
2025-08-15,3,Machine 1,ABC129,0.0,150.0
2025-08-15,3,Machine 2,None,0.0,0.0
2025-08-15,3,Machine 3,ABC137,0.0,0.0
2025-08-18,1,Machine 1,ABC135,0.0,5100.0
2025-08-18,1,Machine 2,None,0.0,0.0
2025-08-18,1,Machine 3,ABC137,0.0,0.0
2025-08-18,2,Machine 1,ABC129,0.0,150.0
2025-08-18,2,Machine 2,None,0.0,0.0
2025-08-18,2,Machine 3,ABC137,0.0,0.0
2025-08-18,3,Machine 1,ABC135,0.0,5100.0
2025-08-18,3,Machine 2,None,0.0,0.0
2025-08-18,3,Machine 3,ABC137,0.0,0.0
2025-08-19,1,Machine 1,ABC129,0.0,150.0
2025-08-19,1,Machine 2,None,0.0,0.0
2025-08-19,1,Machine 3,ABC137,0.0,0.0
2025-08-19,2,Machine 1,ABC135,0.0,5100.0
2025-08-19,2,Machine 2,None,0.0,0.0
2025-08-19,2,Machine 3,ABC137,0.0,0.0
2025-08-19,3,Machine 1,ABC129,0.0,150.0
2025-08-19,3,Machine 2,None,0.0,0.0
2025-08-19,3,Machine 3,ABC137,0.0,0.0
2025-08-20,1,Machine 1,ABC135,0.0,5100.0
2025-08-20,1,Machine 2,None,0.0,0.0
2025-08-20,1,Machine 3,ABC137,0.0,0.0
2025-08-20,2,Machine 1,ABC129,0.0,150.0
2025-08-20,2,Machine 2,None,0.0,0.0
2025-08-20,2,Machine 3,ABC137,0.0,0.0
2025-08-20,3,Machine 1,ABC135,0.0,5100.0
2025-08-20,3,Machine 2,None,0.0,0.0
2025-08-20,3,Machine 3,ABC137,0.0,0.0
2025-08-21,1,Machine 1,ABC129,0.0,150.0
2025-08-21,1,Machine 2,None,0.0,0.0
2025-08-21,1,Machine 3,ABC137,0.0,0.0
2025-08-21,2,Machine 1,ABC135,0.0,5100.0
2025-08-21,2,Machine 2,None,0.0,0.0
2025-08-21,2,Machine 3,ABC137,0.0,0.0
2025-08-21,3,Machine 1,ABC129,0.0,150.0
2025-08-21,3,Machine 2,None,0.0,0.0
2025-08-21,3,Machine 3,ABC137,0.0,0.0
2025-08-22,1,Machine 1,ABC135,0.0,5100.0
2025-08-22,1,Machine 2,None,0.0,0.0
2025-08-22,1,Machine 3,ABC137,0.0,0.0
2025-08-22,2,Machine 1,ABC129,0.0,150.0
2025-08-22,2,Machine 2,None,0.0,0.0
2025-08-22,2,Machine 3,ABC137,0.0,0.0
2025-08-22,3,Machine 1,ABC135,0.0,5100.0
2025-08-22,3,Machine 2,None,0.0,0.0
2025-08-22,3,Machine 3,ABC137,0.0,0.0
2025-08-25,1,Machine 1,ABC129,0.0,150.0
2025-08-25,1,Machine 2,None,0.0,0.0
2025-08-25,1,Machine 3,ABC137,0.0,0.0
2025-08-25,2,Machine 1,ABC135,0.0,5100.0
2025-08-25,2,Machine 2,None,0.0,0.0
2025-08-25,2,Machine 3,ABC137,0.0,0.0
2025-08-25,3,Machine 1,ABC129,0.0,150.0
2025-08-25,3,Machine 2,None,0.0,0.0
2025-08-25,3,Machine 3,ABC137,0.0,0.0
2025-08-26,1,Machine 1,ABC135,0.0,5100.0
2025-08-26,1,Machine 2,None,0.0,0.0
2025-08-26,1,Machine 3,ABC137,0.0,0.0
2025-08-26,2,Machine 1,ABC129,0.0,150.0
2025-08-26,2,Machine 2,None,0.0,0.0
2025-08-26,2,Machine 3,ABC137,0.0,0.0
2025-08-26,3,Machine 1,ABC135,0.0,5100.0
2025-08-26,3,Machine 2,None,0.0,0.0
2025-08-26,3,Machine 3,ABC137,0.0,0.0
2025-08-27,1,Machine 1,ABC129,0.0,150.0
2025-08-27,1,Machine 2,None,0.0,0.0
2025-08-27,1,Machine 3,ABC137,0.0,0.0
2025-08-27,2,Machine 1,ABC135,0.0,5100.0
2025-08-27,2,Machine 2,None,0.0,0.0
2025-08-27,2,Machine 3,ABC137,0.0,0.0
2025-08-27,3,Machine 1,ABC129,0.0,150.0
2025-08-27,3,Machine 2,None,0.0,0.0
2025-08-27,3,Machine 3,ABC137,0.0,0.0
2025-08-28,1,Machine 1,ABC135,0.0,5100.0
2025-08-28,1,Machine 2,None,0.0,0.0
2025-08-28,1,Machine 3,ABC137,0.0,0.0
2025-08-28,2,Machine 1,ABC129,0.0,150.0
2025-08-28,2,Machine 2,None,0.0,0.0
2025-08-28,2,Machine 3,ABC137,0.0,0.0
2025-08-28,3,Machine 1,ABC135,0.0,5100.0
2025-08-28,3,Machine 2,None,0.0,0.0
2025-08-28,3,Machine 3,ABC137,0.0,0.0
2025-08-29,1,Machine 1,ABC129,0.0,150.0
2025-08-29,1,Machine 2,None,0.0,0.0
2025-08-29,1,Machine 3,ABC137,0.0,0.0
2025-08-29,2,Machine 1,ABC135,0.0,5100.0
2025-08-29,2,Machine 2,None,0.0,0.0
2025-08-29,2,Machine 3,ABC137,0.0,0.0
2025-08-29,3,Machine 1,ABC129,0.0,150.0
2025-08-29,3,Machine 2,None,0.0,0.0
2025-08-29,3,Machine 3,ABC137,0.0,0.0
2025-09-01,1,Machine 1,ABC135,0.0,5100.0
2025-09-01,1,Machine 2,None,0.0,0.0
2025-09-01,1,Machine 3,ABC137,0.0,0.0
2025-09-01,2,Machine 1,ABC129,0.0,150.0
2025-09-01,2,Machine 2,None,0.0,0.0
2025-09-01,2,Machine 3,ABC137,0.0,0.0
2025-09-01,3,Machine 1,ABC135,0.0,5100.0
2025-09-01,3,Machine 2,None,0.0,0.0
2025-09-01,3,Machine 3,ABC137,0.0,0.0
2025-09-02,1,Machine 1,ABC129,0.0,150.0
2025-09-02,1,Machine 2,None,0.0,0.0
2025-09-02,1,Machine 3,ABC137,0.0,0.0
2025-09-02,2,Machine 1,ABC135,0.0,5100.0
2025-09-02,2,Machine 2,None,0.0,0.0
2025-09-02,2,Machine 3,ABC137,0.0,0.0
2025-09-02,3,Machine 1,ABC129,0.0,150.0
2025-09-02,3,Machine 2,None,0.0,0.0
2025-09-02,3,Machine 3,ABC137,0.0,0.0
2025-09-03,1,Machine 1,ABC135,0.0,5100.0
2025-09-03,1,Machine 2,None,0.0,0.0
2025-09-03,1,Machine 3,ABC137,0.0,0.0
2025-09-03,2,Machine 1,ABC129,0.0,150.0
2025-09-03,2,Machine 2,None,0.0,0.0
2025-09-03,2,Machine 3,ABC137,0.0,0.0
2025-09-03,3,Machine 1,ABC135,0.0,5100.0
2025-09-03,3,Machine 2,None,0.0,0.0
2025-09-03,3,Machine 3,ABC137,0.0,0.0
2025-09-04,1,Machine 1,ABC129,0.0,150.0
2025-09-04,1,Machine 2,None,0.0,0.0
2025-09-04,1,Machine 3,ABC137,0.0,0.0
2025-09-04,2,Machine 1,ABC135,0.0,5100.0
2025-09-04,2,Machine 2,None,0.0,0.0
2025-09-04,2,Machine 3,ABC137,0.0,0.0
2025-09-04,3,Machine 1,ABC129,0.0,150.0
2025-09-04,3,Machine 2,None,0.0,0.0
2025-09-04,3,Machine 3,ABC137,0.0,0.0
2025-09-05,1,Machine 1,ABC135,0.0,5100.0
2025-09-05,1,Machine 2,None,0.0,0.0
2025-09-05,1,Machine 3,ABC137,0.0,0.0
2025-09-05,2,Machine 1,ABC129,0.0,150.0
2025-09-05,2,Machine 2,None,0.0,0.0
2025-09-05,2,Machine 3,ABC137,0.0,0.0
2025-09-05,3,Machine 1,ABC135,0.0,5100.0
2025-09-05,3,Machine 2,None,0.0,0.0
2025-09-05,3,Machine 3,ABC137,0.0,0.0
2025-09-08,1,Machine 1,ABC129,0.0,150.0
2025-09-08,1,Machine 2,None,0.0,0.0
2025-09-08,1,Machine 3,ABC137,0.0,0.0
2025-09-08,2,Machine 1,ABC135,0.0,5100.0
2025-09-08,2,Machine 2,None,0.0,0.0
2025-09-08,2,Machine 3,ABC137,0.0,0.0
2025-09-08,3,Machine 1,ABC129,0.0,150.0
2025-09-08,3,Machine 2,None,0.0,0.0
2025-09-08,3,Machine 3,ABC137,0.0,0.0
2025-09-09,1,Machine 1,ABC135,0.0,5100.0
2025-09-09,1,Machine 2,None,0.0,0.0
2025-09-09,1,Machine 3,ABC137,0.0,0.0
2025-09-09,2,Machine 1,ABC129,0.0,150.0
2025-09-09,2,Machine 2,None,0.0,0.0
2025-09-09,2,Machine 3,ABC137,0.0,0.0
2025-09-09,3,Machine 1,ABC135,0.0,5100.0
2025-09-09,3,Machine 2,None,0.0,0.0
2025-09-09,3,Machine 3,ABC137,0.0,0.0
2025-09-10,1,Machine 1,ABC129,0.0,150.0
2025-09-10,1,Machine 2,None,0.0,0.0
2025-09-10,1,Machine 3,ABC137,0.0,0.0
2025-09-10,2,Machine 1,ABC135,0.0,5100.0
2025-09-10,2,Machine 2,None,0.0,0.0
2025-09-10,2,Machine 3,ABC137,0.0,0.0
2025-09-10,3,Machine 1,ABC129,0.0,150.0
2025-09-10,3,Machine 2,None,0.0,0.0
2025-09-10,3,Machine 3,ABC137,0.0,0.0
2025-09-11,1,Machine 1,ABC135,0.0,5100.0
2025-09-11,1,Machine 2,None,0.0,0.0
2025-09-11,1,Machine 3,ABC137,0.0,0.0
2025-09-11,2,Machine 1,ABC129,0.0,150.0
2025-09-11,2,Machine 2,None,0.0,0.0
2025-09-11,2,Machine 3,ABC137,0.0,0.0
2025-09-11,3,Machine 1,ABC135,0.0,5100.0
2025-09-11,3,Machine 2,None,0.0,0.0
2025-09-11,3,Machine 3,ABC137,0.0,0.0
2025-09-12,1,Machine 1,ABC129,0.0,150.0
2025-09-12,1,Machine 2,None,0.0,0.0
2025-09-12,1,Machine 3,ABC137,0.0,0.0
2025-09-12,2,Machine 1,ABC135,0.0,5100.0
2025-09-12,2,Machine 2,None,0.0,0.0
2025-09-12,2,Machine 3,ABC137,0.0,0.0
2025-09-12,3,Machine 1,ABC129,0.0,150.0
2025-09-12,3,Machine 2,None,0.0,0.0
2025-09-12,3,Machine 3,ABC137,0.0,0.0
2025-09-15,1,Machine 1,ABC135,0.0,5100.0
2025-09-15,1,Machine 2,None,0.0,0.0
2025-09-15,1,Machine 3,ABC137,0.0,0.0
2025-09-15,2,Machine 1,ABC129,0.0,150.0
2025-09-15,2,Machine 2,None,0.0,0.0
2025-09-15,2,Machine 3,ABC137,0.0,0.0
2025-09-15,3,Machine 1,ABC135,0.0,5100.0
2025-09-15,3,Machine 2,None,0.0,0.0
2025-09-15,3,Machine 3,ABC137,0.0,0.0
2025-09-16,1,Machine 1,ABC129,0.0,150.0
2025-09-16,1,Machine 2,None,0.0,0.0
2025-09-16,1,Machine 3,ABC137,0.0,0.0
2025-09-16,2,Machine 1,ABC135,0.0,5100.0
2025-09-16,2,Machine 2,None,0.0,0.0
2025-09-16,2,Machine 3,ABC137,0.0,0.0
2025-09-16,3,Machine 1,ABC129,0.0,150.0
2025-09-16,3,Machine 2,None,0.0,0.0
2025-09-16,3,Machine 3,ABC137,0.0,0.0
2025-09-17,1,Machine 1,ABC135,0.0,5100.0
2025-09-17,1,Machine 2,None,0.0,0.0
2025-09-17,1,Machine 3,ABC137,0.0,0.0
2025-09-17,2,Machine 1,ABC129,0.0,150.0
2025-09-17,2,Machine 2,None,0.0,0.0
2025-09-17,2,Machine 3,ABC137,0.0,0.0
2025-09-17,3,Machine 1,ABC135,0.0,5100.0
2025-09-17,3,Machine 2,None,0.0,0.0
2025-09-17,3,Machine 3,ABC137,0.0,0.0
2025-09-18,1,Machine 1,ABC129,0.0,150.0
2025-09-18,1,Machine 2,None,0.0,0.0
2025-09-18,1,Machine 3,ABC137,0.0,0.0
2025-09-18,2,Machine 1,ABC135,0.0,5100.0
2025-09-18,2,Machine 2,None,0.0,0.0
2025-09-18,2,Machine 3,ABC137,0.0,0.0
2025-09-18,3,Machine 1,ABC129,0.0,150.0
2025-09-18,3,Machine 2,None,0.0,0.0
2025-09-18,3,Machine 3,ABC137,0.0,0.0
2025-09-19,1,Machine 1,ABC135,0.0,5100.0
2025-09-19,1,Machine 2,None,0.0,0.0
2025-09-19,1,Machine 3,ABC137,0.0,0.0
2025-09-19,2,Machine 1,ABC129,0.0,150.0
2025-09-19,2,Machine 2,None,0.0,0.0
2025-09-19,2,Machine 3,ABC137,0.0,0.0
2025-09-19,3,Machine 1,ABC135,0.0,5100.0
2025-09-19,3,Machine 2,None,0.0,0.0
2025-09-19,3,Machine 3,ABC137,0.0,0.0
2025-09-22,1,Machine 1,ABC129,0.0,150.0
2025-09-22,1,Machine 2,None,0.0,0.0
2025-09-22,1,Machine 3,ABC137,0.0,0.0
2025-09-22,2,Machine 1,ABC135,0.0,5100.0
2025-09-22,2,Machine 2,None,0.0,0.0
2025-09-22,2,Machine 3,ABC137,0.0,0.0
2025-09-22,3,Machine 1,ABC129,0.0,150.0
2025-09-22,3,Machine 2,None,0.0,0.0
2025-09-22,3,Machine 3,ABC137,0.0,0.0
2025-09-23,1,Machine 1,ABC135,0.0,5100.0
2025-09-23,1,Machine 2,None,0.0,0.0
2025-09-23,1,Machine 3,ABC137,0.0,0.0
2025-09-23,2,Machine 1,ABC129,0.0,150.0
2025-09-23,2,Machine 2,None,0.0,0.0
2025-09-23,2,Machine 3,ABC137,0.0,0.0
2025-09-23,3,Machine 1,ABC135,0.0,5100.0
2025-09-23,3,Machine 2,None,0.0,0.0
2025-09-23,3,Machine 3,ABC137,0.0,0.0
2025-09-24,1,Machine 1,ABC129,0.0,150.0
2025-09-24,1,Machine 2,None,0.0,0.0
2025-09-24,1,Machine 3,ABC137,0.0,0.0
2025-09-24,2,Machine 1,ABC135,0.0,5100.0
2025-09-24,2,Machine 2,None,0.0,0.0
2025-09-24,2,Machine 3,ABC137,0.0,0.0
2025-09-24,3,Machine 1,ABC129,0.0,150.0
2025-09-24,3,Machine 2,None,0.0,0.0
2025-09-24,3,Machine 3,ABC137,0.0,0.0
2025-09-25,1,Machine 1,ABC135,0.0,5100.0
2025-09-25,1,Machine 2,None,0.0,0.0
2025-09-25,1,Machine 3,ABC137,0.0,0.0
2025-09-25,2,Machine 1,ABC129,0.0,150.0
2025-09-25,2,Machine 2,None,0.0,0.0
2025-09-25,2,Machine 3,ABC137,0.0,0.0
2025-09-25,3,Machine 1,ABC135,0.0,5100.0
2025-09-25,3,Machine 2,None,0.0,0.0
2025-09-25,3,Machine 3,ABC137,0.0,0.0
2025-09-26,1,Machine 1,ABC129,0.0,150.0
2025-09-26,1,Machine 2,None,0.0,0.0
2025-09-26,1,Machine 3,ABC137,0.0,0.0
2025-09-26,2,Machine 1,ABC135,0.0,5100.0
2025-09-26,2,Machine 2,None,0.0,0.0
2025-09-26,2,Machine 3,ABC137,0.0,0.0
2025-09-26,3,Machine 1,ABC129,0.0,150.0
2025-09-26,3,Machine 2,None,0.0,0.0
2025-09-26,3,Machine 3,ABC137,0.0,0.0
2025-09-29,1,Machine 1,ABC135,0.0,5100.0
2025-09-29,1,Machine 2,None,0.0,0.0
2025-09-29,1,Machine 3,ABC137,0.0,0.0
2025-09-29,2,Machine 1,ABC129,0.0,150.0
2025-09-29,2,Machine 2,None,0.0,0.0
2025-09-29,2,Machine 3,ABC137,0.0,0.0
2025-09-29,3,Machine 1,ABC135,0.0,5100.0
2025-09-29,3,Machine 2,None,0.0,0.0
2025-09-29,3,Machine 3,ABC137,0.0,0.0
2025-09-30,1,Machine 1,ABC129,0.0,150.0
2025-09-30,1,Machine 2,None,0.0,0.0
2025-09-30,1,Machine 3,ABC137,0.0,0.0
2025-09-30,2,Machine 1,ABC135,0.0,5100.0
2025-09-30,2,Machine 2,None,0.0,0.0
2025-09-30,2,Machine 3,ABC137,0.0,0.0
2025-09-30,3,Machine 1,ABC129,0.0,150.0
2025-09-30,3,Machine 2,None,0.0,0.0
2025-09-30,3,Machine 3,ABC137,0.0,0.0
2025-10-01,1,Machine 1,ABC135,0.0,5100.0
2025-10-01,1,Machine 2,None,0.0,0.0
2025-10-01,1,Machine 3,ABC137,0.0,0.0
2025-10-01,2,Machine 1,ABC129,0.0,150.0
2025-10-01,2,Machine 2,None,0.0,0.0
2025-10-01,2,Machine 3,ABC137,0.0,0.0
2025-10-01,3,Machine 1,ABC135,0.0,5100.0
2025-10-01,3,Machine 2,None,0.0,0.0
2025-10-01,3,Machine 3,ABC137,0.0,0.0
2025-10-02,1,Machine 1,ABC129,0.0,150.0
2025-10-02,1,Machine 2,None,0.0,0.0
2025-10-02,1,Machine 3,ABC137,0.0,0.0
2025-10-02,2,Machine 1,ABC135,0.0,5100.0
2025-10-02,2,Machine 2,None,0.0,0.0
2025-10-02,2,Machine 3,ABC137,0.0,0.0
2025-10-02,3,Machine 1,ABC129,0.0,150.0
2025-10-02,3,Machine 2,None,0.0,0.0
2025-10-02,3,Machine 3,ABC137,0.0,0.0
2025-10-03,1,Machine 1,ABC135,0.0,5100.0
2025-10-03,1,Machine 2,None,0.0,0.0
2025-10-03,1,Machine 3,ABC137,0.0,0.0
2025-10-03,2,Machine 1,ABC129,0.0,150.0
2025-10-03,2,Machine 2,None,0.0,0.0
2025-10-03,2,Machine 3,ABC137,0.0,0.0
2025-10-03,3,Machine 1,ABC135,0.0,5100.0
2025-10-03,3,Machine 2,None,0.0,0.0
2025-10-03,3,Machine 3,ABC137,0.0,0.0
2025-10-06,1,Machine 1,ABC129,0.0,150.0
2025-10-06,1,Machine 2,None,0.0,0.0
2025-10-06,1,Machine 3,ABC137,0.0,0.0
2025-10-06,2,Machine 1,ABC135,0.0,5100.0
2025-10-06,2,Machine 2,None,0.0,0.0
2025-10-06,2,Machine 3,ABC137,0.0,0.0
2025-10-06,3,Machine 1,ABC129,0.0,150.0
2025-10-06,3,Machine 2,None,0.0,0.0
2025-10-06,3,Machine 3,ABC137,0.0,0.0
2025-10-07,1,Machine 1,ABC135,0.0,5100.0
2025-10-07,1,Machine 2,None,0.0,0.0
2025-10-07,1,Machine 3,ABC137,0.0,0.0
2025-10-07,2,Machine 1,ABC129,0.0,150.0
2025-10-07,2,Machine 2,None,0.0,0.0
2025-10-07,2,Machine 3,ABC137,0.0,0.0
2025-10-07,3,Machine 1,ABC135,0.0,5100.0
2025-10-07,3,Machine 2,None,0.0,0.0
2025-10-07,3,Machine 3,ABC137,0.0,0.0
2025-10-08,1,Machine 1,ABC129,0.0,150.0
2025-10-08,1,Machine 2,None,0.0,0.0
2025-10-08,1,Machine 3,ABC137,0.0,0.0
2025-10-08,2,Machine 1,ABC135,0.0,5100.0
2025-10-08,2,Machine 2,None,0.0,0.0
2025-10-08,2,Machine 3,ABC137,0.0,0.0
2025-10-08,3,Machine 1,ABC129,0.0,150.0
2025-10-08,3,Machine 2,None,0.0,0.0
2025-10-08,3,Machine 3,ABC137,0.0,0.0
2025-10-09,1,Machine 1,ABC135,0.0,5100.0
2025-10-09,1,Machine 2,None,0.0,0.0
2025-10-09,1,Machine 3,ABC137,0.0,0.0
2025-10-09,2,Machine 1,ABC129,0.0,150.0
2025-10-09,2,Machine 2,None,0.0,0.0
2025-10-09,2,Machine 3,ABC137,0.0,0.0
2025-10-09,3,Machine 1,ABC135,0.0,5100.0
2025-10-09,3,Machine 2,None,0.0,0.0
2025-10-09,3,Machine 3,ABC137,0.0,0.0
2025-10-10,1,Machine 1,ABC129,0.0,150.0
2025-10-10,1,Machine 2,None,0.0,0.0
2025-10-10,1,Machine 3,ABC137,0.0,0.0
2025-10-10,2,Machine 1,ABC135,0.0,5100.0
2025-10-10,2,Machine 2,None,0.0,0.0
2025-10-10,2,Machine 3,ABC137,0.0,0.0
2025-10-10,3,Machine 1,ABC129,0.0,150.0
2025-10-10,3,Machine 2,None,0.0,0.0
2025-10-10,3,Machine 3,ABC137,0.0,0.0
2025-10-13,1,Machine 1,ABC135,0.0,5100.0
2025-10-13,1,Machine 2,None,0.0,0.0
2025-10-13,1,Machine 3,ABC137,0.0,0.0
2025-10-13,2,Machine 1,ABC129,0.0,150.0
2025-10-13,2,Machine 2,None,0.0,0.0
2025-10-13,2,Machine 3,ABC137,0.0,0.0
2025-10-13,3,Machine 1,ABC135,0.0,5100.0
2025-10-13,3,Machine 2,None,0.0,0.0
2025-10-13,3,Machine 3,ABC137,0.0,0.0
2025-10-14,1,Machine 1,ABC129,0.0,150.0
2025-10-14,1,Machine 2,None,0.0,0.0
2025-10-14,1,Machine 3,ABC137,0.0,0.0
2025-10-14,2,Machine 1,ABC135,0.0,5100.0
2025-10-14,2,Machine 2,None,0.0,0.0
2025-10-14,2,Machine 3,ABC137,0.0,0.0
2025-10-14,3,Machine 1,ABC129,0.0,150.0
2025-10-14,3,Machine 2,None,0.0,0.0
2025-10-14,3,Machine 3,ABC137,0.0,0.0
2025-10-15,1,Machine 1,ABC135,0.0,5100.0
2025-10-15,1,Machine 2,None,0.0,0.0
2025-10-15,1,Machine 3,ABC137,0.0,0.0
2025-10-15,2,Machine 1,ABC129,0.0,150.0
2025-10-15,2,Machine 2,None,0.0,0.0
2025-10-15,2,Machine 3,ABC137,0.0,0.0
2025-10-15,3,Machine 1,ABC135,0.0,5100.0
2025-10-15,3,Machine 2,None,0.0,0.0
2025-10-15,3,Machine 3,ABC137,0.0,0.0
2025-10-16,1,Machine 1,ABC129,0.0,150.0
2025-10-16,1,Machine 2,None,0.0,0.0
2025-10-16,1,Machine 3,ABC137,0.0,0.0
2025-10-16,2,Machine 1,ABC135,0.0,5100.0
2025-10-16,2,Machine 2,None,0.0,0.0
2025-10-16,2,Machine 3,ABC137,0.0,0.0
2025-10-16,3,Machine 1,ABC129,0.0,150.0
2025-10-16,3,Machine 2,None,0.0,0.0
2025-10-16,3,Machine 3,ABC137,0.0,0.0
2025-10-17,1,Machine 1,ABC135,0.0,5100.0
2025-10-17,1,Machine 2,None,0.0,0.0
2025-10-17,1,Machine 3,ABC137,0.0,0.0
2025-10-17,2,Machine 1,ABC129,0.0,150.0
2025-10-17,2,Machine 2,None,0.0,0.0
2025-10-17,2,Machine 3,ABC137,0.0,0.0
2025-10-17,3,Machine 1,ABC135,0.0,5100.0
2025-10-17,3,Machine 2,None,0.0,0.0
2025-10-17,3,Machine 3,ABC137,0.0,0.0
2025-10-20,1,Machine 1,ABC129,0.0,150.0
2025-10-20,1,Machine 2,None,0.0,0.0
2025-10-20,1,Machine 3,ABC137,0.0,0.0
2025-10-20,2,Machine 1,ABC135,0.0,5100.0
2025-10-20,2,Machine 2,None,0.0,0.0
2025-10-20,2,Machine 3,ABC137,0.0,0.0
2025-10-20,3,Machine 1,ABC129,0.0,150.0
2025-10-20,3,Machine 2,None,0.0,0.0
2025-10-20,3,Machine 3,ABC137,0.0,0.0
2025-10-21,1,Machine 1,ABC135,0.0,5100.0
2025-10-21,1,Machine 2,None,0.0,0.0
2025-10-21,1,Machine 3,ABC137,0.0,0.0
2025-10-21,2,Machine 1,ABC129,0.0,150.0
2025-10-21,2,Machine 2,None,0.0,0.0
2025-10-21,2,Machine 3,ABC137,0.0,0.0
2025-10-21,3,Machine 1,ABC135,0.0,5100.0
2025-10-21,3,Machine 2,None,0.0,0.0
2025-10-21,3,Machine 3,ABC137,0.0,0.0
2025-10-22,1,Machine 1,ABC129,0.0,150.0
2025-10-22,1,Machine 2,None,0.0,0.0
2025-10-22,1,Machine 3,ABC137,0.0,0.0
2025-10-22,2,Machine 1,ABC135,0.0,5100.0
2025-10-22,2,Machine 2,None,0.0,0.0
2025-10-22,2,Machine 3,ABC137,0.0,0.0
2025-10-22,3,Machine 1,ABC129,0.0,150.0
2025-10-22,3,Machine 2,None,0.0,0.0
2025-10-22,3,Machine 3,ABC137,0.0,0.0
2025-10-23,1,Machine 1,ABC135,0.0,5100.0
2025-10-23,1,Machine 2,None,0.0,0.0
2025-10-23,1,Machine 3,ABC137,0.0,0.0
2025-10-23,2,Machine 1,ABC129,0.0,150.0
2025-10-23,2,Machine 2,None,0.0,0.0
2025-10-23,2,Machine 3,ABC137,0.0,0.0
2025-10-23,3,Machine 1,ABC135,0.0,5100.0
2025-10-23,3,Machine 2,None,0.0,0.0
2025-10-23,3,Machine 3,ABC137,0.0,0.0
2025-10-24,1,Machine 1,ABC129,0.0,150.0
2025-10-24,1,Machine 2,None,0.0,0.0
2025-10-24,1,Machine 3,ABC137,0.0,0.0
2025-10-24,2,Machine 1,ABC135,0.0,5100.0
2025-10-24,2,Machine 2,None,0.0,0.0
2025-10-24,2,Machine 3,ABC137,0.0,0.0
2025-10-24,3,Machine 1,ABC129,0.0,150.0
2025-10-24,3,Machine 2,None,0.0,0.0
2025-10-24,3,Machine 3,ABC137,0.0,0.0
2025-10-27,1,Machine 1,ABC135,0.0,5100.0
2025-10-27,1,Machine 2,None,0.0,0.0
2025-10-27,1,Machine 3,ABC137,0.0,0.0
2025-10-27,2,Machine 1,ABC129,0.0,150.0
2025-10-27,2,Machine 2,None,0.0,0.0
2025-10-27,2,Machine 3,ABC137,0.0,0.0
2025-10-27,3,Machine 1,ABC135,0.0,5100.0
2025-10-27,3,Machine 2,None,0.0,0.0
2025-10-27,3,Machine 3,ABC137,0.0,0.0
2025-10-28,1,Machine 1,ABC129,0.0,150.0
2025-10-28,1,Machine 2,None,0.0,0.0
2025-10-28,1,Machine 3,ABC137,0.0,0.0
2025-10-28,2,Machine 1,ABC135,0.0,5100.0
2025-10-28,2,Machine 2,None,0.0,0.0
2025-10-28,2,Machine 3,ABC137,0.0,0.0
2025-10-28,3,Machine 1,ABC129,0.0,150.0
2025-10-28,3,Machine 2,None,0.0,0.0
2025-10-28,3,Machine 3,ABC137,0.0,0.0
2025-10-29,1,Machine 1,ABC135,0.0,5100.0
2025-10-29,1,Machine 2,None,0.0,0.0
2025-10-29,1,Machine 3,ABC137,0.0,0.0
2025-10-29,2,Machine 1,ABC129,0.0,150.0
2025-10-29,2,Machine 2,None,0.0,0.0
2025-10-29,2,Machine 3,ABC137,0.0,0.0
2025-10-29,3,Machine 1,ABC135,0.0,5100.0
2025-10-29,3,Machine 2,None,0.0,0.0
2025-10-29,3,Machine 3,ABC137,0.0,0.0
2025-10-30,1,Machine 1,ABC129,0.0,150.0
2025-10-30,1,Machine 2,None,0.0,0.0
2025-10-30,1,Machine 3,ABC137,0.0,0.0
2025-10-30,2,Machine 1,ABC135,0.0,5100.0
2025-10-30,2,Machine 2,None,0.0,0.0
2025-10-30,2,Machine 3,ABC137,0.0,0.0
2025-10-30,3,Machine 1,ABC129,0.0,150.0
2025-10-30,3,Machine 2,None,0.0,0.0
2025-10-30,3,Machine 3,ABC137,0.0,0.0
2025-10-31,1,Machine 1,ABC135,0.0,5100.0
2025-10-31,1,Machine 2,None,0.0,0.0
2025-10-31,1,Machine 3,ABC137,0.0,0.0
2025-10-31,2,Machine 1,ABC129,0.0,150.0
2025-10-31,2,Machine 2,None,0.0,0.0
2025-10-31,2,Machine 3,ABC137,0.0,0.0
2025-10-31,3,Machine 1,ABC135,0.0,5100.0
2025-10-31,3,Machine 2,None,0.0,0.0
2025-10-31,3,Machine 3,ABC137,0.0,0.0
2025-11-03,1,Machine 1,ABC129,0.0,150.0
2025-11-03,1,Machine 2,None,0.0,0.0
2025-11-03,1,Machine 3,ABC137,0.0,0.0
2025-11-03,2,Machine 1,ABC135,0.0,5100.0
2025-11-03,2,Machine 2,None,0.0,0.0
2025-11-03,2,Machine 3,ABC137,0.0,0.0
2025-11-03,3,Machine 1,ABC129,0.0,150.0
2025-11-03,3,Machine 2,None,0.0,0.0
2025-11-03,3,Machine 3,ABC137,0.0,0.0
2025-11-04,1,Machine 1,ABC135,0.0,5100.0
2025-11-04,1,Machine 2,None,0.0,0.0
2025-11-04,1,Machine 3,ABC137,0.0,0.0
2025-11-04,2,Machine 1,ABC129,0.0,150.0
2025-11-04,2,Machine 2,None,0.0,0.0
2025-11-04,2,Machine 3,ABC137,0.0,0.0
2025-11-04,3,Machine 1,ABC135,0.0,5100.0
2025-11-04,3,Machine 2,None,0.0,0.0
2025-11-04,3,Machine 3,ABC137,0.0,0.0
2025-11-05,1,Machine 1,ABC129,0.0,150.0
2025-11-05,1,Machine 2,None,0.0,0.0
2025-11-05,1,Machine 3,ABC137,0.0,0.0
2025-11-05,2,Machine 1,ABC135,0.0,5100.0
2025-11-05,2,Machine 2,None,0.0,0.0
2025-11-05,2,Machine 3,ABC137,0.0,0.0
2025-11-05,3,Machine 1,ABC129,0.0,150.0
2025-11-05,3,Machine 2,None,0.0,0.0
2025-11-05,3,Machine 3,ABC137,0.0,0.0
2025-11-06,1,Machine 1,ABC135,0.0,5100.0
2025-11-06,1,Machine 2,None,0.0,0.0
2025-11-06,1,Machine 3,ABC137,0.0,0.0
2025-11-06,2,Machine 1,ABC129,0.0,150.0
2025-11-06,2,Machine 2,None,0.0,0.0
2025-11-06,2,Machine 3,ABC137,0.0,0.0
2025-11-06,3,Machine 1,ABC135,0.0,5100.0
2025-11-06,3,Machine 2,None,0.0,0.0
2025-11-06,3,Machine 3,ABC137,0.0,0.0
2025-11-07,1,Machine 1,ABC129,0.0,150.0
2025-11-07,1,Machine 2,None,0.0,0.0
2025-11-07,1,Machine 3,ABC137,0.0,0.0
2025-11-07,2,Machine 1,ABC135,0.0,5100.0
2025-11-07,2,Machine 2,None,0.0,0.0
2025-11-07,2,Machine 3,ABC137,0.0,0.0
2025-11-07,3,Machine 1,ABC129,0.0,150.0
2025-11-07,3,Machine 2,None,0.0,0.0
2025-11-07,3,Machine 3,ABC137,0.0,0.0
2025-11-10,1,Machine 1,ABC135,0.0,5100.0
2025-11-10,1,Machine 2,None,0.0,0.0
2025-11-10,1,Machine 3,ABC137,0.0,0.0
2025-11-10,2,Machine 1,ABC129,0.0,150.0
2025-11-10,2,Machine 2,None,0.0,0.0
2025-11-10,2,Machine 3,ABC137,0.0,0.0
2025-11-10,3,Machine 1,ABC135,0.0,5100.0
2025-11-10,3,Machine 2,None,0.0,0.0
2025-11-10,3,Machine 3,ABC137,0.0,0.0
2025-11-11,1,Machine 1,ABC129,0.0,150.0
2025-11-11,1,Machine 2,None,0.0,0.0
2025-11-11,1,Machine 3,ABC137,0.0,0.0
2025-11-11,2,Machine 1,ABC135,0.0,5100.0
2025-11-11,2,Machine 2,None,0.0,0.0
2025-11-11,2,Machine 3,ABC137,0.0,0.0
2025-11-11,3,Machine 1,ABC129,0.0,150.0
2025-11-11,3,Machine 2,None,0.0,0.0
2025-11-11,3,Machine 3,ABC137,0.0,0.0
2025-11-12,1,Machine 1,ABC135,0.0,5100.0
2025-11-12,1,Machine 2,None,0.0,0.0
2025-11-12,1,Machine 3,ABC137,0.0,0.0
2025-11-12,2,Machine 1,ABC129,0.0,150.0
2025-11-12,2,Machine 2,None,0.0,0.0
2025-11-12,2,Machine 3,ABC137,0.0,0.0
2025-11-12,3,Machine 1,ABC135,0.0,5100.0
2025-11-12,3,Machine 2,None,0.0,0.0
2025-11-12,3,Machine 3,ABC137,0.0,0.0
2025-11-13,1,Machine 1,ABC129,0.0,150.0
2025-11-13,1,Machine 2,None,0.0,0.0
2025-11-13,1,Machine 3,ABC137,0.0,0.0
2025-11-13,2,Machine 1,ABC135,0.0,5100.0
2025-11-13,2,Machine 2,None,0.0,0.0
2025-11-13,2,Machine 3,ABC137,0.0,0.0
2025-11-13,3,Machine 1,ABC129,0.0,150.0
2025-11-13,3,Machine 2,None,0.0,0.0
2025-11-13,3,Machine 3,ABC137,0.0,0.0
2025-11-14,1,Machine 1,ABC135,0.0,5100.0
2025-11-14,1,Machine 2,None,0.0,0.0
2025-11-14,1,Machine 3,ABC137,0.0,0.0
2025-11-14,2,Machine 1,ABC129,0.0,150.0
2025-11-14,2,Machine 2,None,0.0,0.0
2025-11-14,2,Machine 3,ABC137,0.0,0.0
2025-11-14,3,Machine 1,ABC135,0.0,5100.0
2025-11-14,3,Machine 2,None,0.0,0.0
2025-11-14,3,Machine 3,ABC137,0.0,0.0
2025-11-17,1,Machine 1,ABC129,0.0,150.0
2025-11-17,1,Machine 2,None,0.0,0.0
2025-11-17,1,Machine 3,ABC137,0.0,0.0
2025-11-17,2,Machine 1,ABC135,0.0,5100.0
2025-11-17,2,Machine 2,None,0.0,0.0
2025-11-17,2,Machine 3,ABC137,0.0,0.0
2025-11-17,3,Machine 1,ABC129,0.0,150.0
2025-11-17,3,Machine 2,None,0.0,0.0
2025-11-17,3,Machine 3,ABC137,0.0,0.0
2025-11-18,1,Machine 1,ABC135,0.0,5100.0
2025-11-18,1,Machine 2,None,0.0,0.0
2025-11-18,1,Machine 3,ABC137,0.0,0.0
2025-11-18,2,Machine 1,ABC129,0.0,150.0
2025-11-18,2,Machine 2,None,0.0,0.0
2025-11-18,2,Machine 3,ABC137,0.0,0.0
2025-11-18,3,Machine 1,ABC135,0.0,5100.0
2025-11-18,3,Machine 2,None,0.0,0.0
2025-11-18,3,Machine 3,ABC137,0.0,0.0
2025-11-19,1,Machine 1,ABC129,0.0,150.0
2025-11-19,1,Machine 2,None,0.0,0.0
2025-11-19,1,Machine 3,ABC137,0.0,0.0
2025-11-19,2,Machine 1,ABC135,0.0,5100.0
2025-11-19,2,Machine 2,None,0.0,0.0
2025-11-19,2,Machine 3,ABC137,0.0,0.0
2025-11-19,3,Machine 1,ABC129,0.0,150.0
2025-11-19,3,Machine 2,None,0.0,0.0
2025-11-19,3,Machine 3,ABC137,0.0,0.0
2025-11-20,1,Machine 1,ABC135,0.0,5100.0
2025-11-20,1,Machine 2,None,0.0,0.0
2025-11-20,1,Machine 3,ABC137,0.0,0.0
2025-11-20,2,Machine 1,ABC129,0.0,150.0
2025-11-20,2,Machine 2,None,0.0,0.0
2025-11-20,2,Machine 3,ABC137,0.0,0.0
2025-11-20,3,Machine 1,ABC135,0.0,5100.0
2025-11-20,3,Machine 2,None,0.0,0.0
2025-11-20,3,Machine 3,ABC137,0.0,0.0
2025-11-21,1,Machine 1,ABC129,0.0,150.0
2025-11-21,1,Machine 2,None,0.0,0.0
2025-11-21,1,Machine 3,ABC137,0.0,0.0
2025-11-21,2,Machine 1,ABC135,0.0,5100.0
2025-11-21,2,Machine 2,None,0.0,0.0
2025-11-21,2,Machine 3,ABC137,0.0,0.0
2025-11-21,3,Machine 1,ABC129,0.0,150.0
2025-11-21,3,Machine 2,None,0.0,0.0
2025-11-21,3,Machine 3,ABC137,0.0,0.0
2025-11-24,1,Machine 1,ABC135,0.0,5100.0
2025-11-24,1,Machine 2,None,0.0,0.0
2025-11-24,1,Machine 3,ABC137,0.0,0.0
2025-11-24,2,Machine 1,ABC129,0.0,150.0
2025-11-24,2,Machine 2,None,0.0,0.0
2025-11-24,2,Machine 3,ABC137,0.0,0.0
2025-11-24,3,Machine 1,ABC135,0.0,5100.0
2025-11-24,3,Machine 2,None,0.0,0.0
2025-11-24,3,Machine 3,ABC137,0.0,0.0
2025-11-25,1,Machine 1,ABC129,0.0,150.0
2025-11-25,1,Machine 2,None,0.0,0.0
2025-11-25,1,Machine 3,ABC137,0.0,0.0
2025-11-25,2,Machine 1,ABC135,0.0,5100.0
2025-11-25,2,Machine 2,None,0.0,0.0
2025-11-25,2,Machine 3,ABC137,0.0,0.0
2025-11-25,3,Machine 1,ABC129,0.0,150.0
2025-11-25,3,Machine 2,None,0.0,0.0
2025-11-25,3,Machine 3,ABC137,0.0,0.0
2025-11-26,1,Machine 1,ABC135,0.0,5100.0
2025-11-26,1,Machine 2,None,0.0,0.0
2025-11-26,1,Machine 3,ABC137,0.0,0.0
2025-11-26,2,Machine 1,ABC129,0.0,150.0
2025-11-26,2,Machine 2,None,0.0,0.0
2025-11-26,2,Machine 3,ABC137,0.0,0.0
2025-11-26,3,Machine 1,ABC135,0.0,5100.0
2025-11-26,3,Machine 2,None,0.0,0.0
2025-11-26,3,Machine 3,ABC137,0.0,0.0
2025-11-27,1,Machine 1,ABC129,0.0,150.0
2025-11-27,1,Machine 2,None,0.0,0.0
2025-11-27,1,Machine 3,ABC137,0.0,0.0
2025-11-27,2,Machine 1,ABC135,0.0,5100.0
2025-11-27,2,Machine 2,None,0.0,0.0
2025-11-27,2,Machine 3,ABC137,0.0,0.0
2025-11-27,3,Machine 1,ABC129,0.0,150.0
2025-11-27,3,Machine 2,None,0.0,0.0
2025-11-27,3,Machine 3,ABC137,0.0,0.0
2025-11-28,1,Machine 1,ABC135,0.0,5100.0
2025-11-28,1,Machine 2,None,0.0,0.0
2025-11-28,1,Machine 3,ABC137,0.0,0.0
2025-11-28,2,Machine 1,ABC129,0.0,150.0
2025-11-28,2,Machine 2,None,0.0,0.0
2025-11-28,2,Machine 3,ABC137,0.0,0.0
2025-11-28,3,Machine 1,ABC135,0.0,5100.0
2025-11-28,3,Machine 2,None,0.0,0.0
2025-11-28,3,Machine 3,ABC137,0.0,0.0
2025-12-01,1,Machine 1,ABC129,0.0,150.0
2025-12-01,1,Machine 2,None,0.0,0.0
2025-12-01,1,Machine 3,ABC137,0.0,0.0
2025-12-01,2,Machine 1,ABC135,0.0,5100.0
2025-12-01,2,Machine 2,None,0.0,0.0
2025-12-01,2,Machine 3,ABC137,0.0,0.0
2025-12-01,3,Machine 1,ABC129,0.0,150.0
2025-12-01,3,Machine 2,None,0.0,0.0
2025-12-01,3,Machine 3,ABC137,0.0,0.0
2025-12-02,1,Machine 1,ABC135,0.0,5100.0
2025-12-02,1,Machine 2,None,0.0,0.0
2025-12-02,1,Machine 3,ABC137,0.0,0.0
2025-12-02,2,Machine 1,ABC129,0.0,150.0
2025-12-02,2,Machine 2,None,0.0,0.0
2025-12-02,2,Machine 3,ABC137,0.0,0.0
2025-12-02,3,Machine 1,ABC135,0.0,5100.0
2025-12-02,3,Machine 2,None,0.0,0.0
2025-12-02,3,Machine 3,ABC137,0.0,0.0
2025-12-03,1,Machine 1,ABC129,0.0,150.0
2025-12-03,1,Machine 2,None,0.0,0.0
2025-12-03,1,Machine 3,ABC137,0.0,0.0
2025-12-03,2,Machine 1,ABC135,0.0,5100.0
2025-12-03,2,Machine 2,None,0.0,0.0
2025-12-03,2,Machine 3,ABC137,0.0,0.0
2025-12-03,3,Machine 1,ABC129,0.0,150.0
2025-12-03,3,Machine 2,None,0.0,0.0
2025-12-03,3,Machine 3,ABC137,0.0,0.0
2025-12-04,1,Machine 1,ABC135,0.0,5100.0
2025-12-04,1,Machine 2,None,0.0,0.0
2025-12-04,1,Machine 3,ABC137,0.0,0.0
2025-12-04,2,Machine 1,ABC129,0.0,150.0
2025-12-04,2,Machine 2,None,0.0,0.0
2025-12-04,2,Machine 3,ABC137,0.0,0.0
2025-12-04,3,Machine 1,ABC135,0.0,5100.0
2025-12-04,3,Machine 2,None,0.0,0.0
2025-12-04,3,Machine 3,ABC137,0.0,0.0
2025-12-05,1,Machine 1,ABC129,0.0,150.0
2025-12-05,1,Machine 2,None,0.0,0.0
2025-12-05,1,Machine 3,ABC137,0.0,0.0
2025-12-05,2,Machine 1,ABC135,0.0,5100.0
2025-12-05,2,Machine 2,None,0.0,0.0
2025-12-05,2,Machine 3,ABC137,0.0,0.0
2025-12-05,3,Machine 1,ABC129,0.0,150.0
2025-12-05,3,Machine 2,None,0.0,0.0
2025-12-05,3,Machine 3,ABC137,0.0,0.0
2025-12-08,1,Machine 1,ABC135,0.0,5100.0
2025-12-08,1,Machine 2,None,0.0,0.0
2025-12-08,1,Machine 3,ABC137,0.0,0.0
2025-12-08,2,Machine 1,ABC129,0.0,150.0
2025-12-08,2,Machine 2,None,0.0,0.0
2025-12-08,2,Machine 3,ABC137,0.0,0.0
2025-12-08,3,Machine 1,ABC135,0.0,5100.0
2025-12-08,3,Machine 2,None,0.0,0.0
2025-12-08,3,Machine 3,ABC137,0.0,0.0
2025-12-09,1,Machine 1,ABC129,0.0,150.0
2025-12-09,1,Machine 2,None,0.0,0.0
2025-12-09,1,Machine 3,ABC137,0.0,0.0
2025-12-09,2,Machine 1,ABC135,0.0,5100.0
2025-12-09,2,Machine 2,None,0.0,0.0
2025-12-09,2,Machine 3,ABC137,0.0,0.0
2025-12-09,3,Machine 1,ABC129,0.0,150.0
2025-12-09,3,Machine 2,None,0.0,0.0
2025-12-09,3,Machine 3,ABC137,0.0,0.0
2025-12-10,1,Machine 1,ABC135,0.0,5100.0
2025-12-10,1,Machine 2,None,0.0,0.0
2025-12-10,1,Machine 3,ABC137,0.0,0.0
2025-12-10,2,Machine 1,ABC129,0.0,150.0
2025-12-10,2,Machine 2,None,0.0,0.0
2025-12-10,2,Machine 3,ABC137,0.0,0.0
2025-12-10,3,Machine 1,ABC135,0.0,5100.0
2025-12-10,3,Machine 2,None,0.0,0.0
2025-12-10,3,Machine 3,ABC137,0.0,0.0
2025-12-11,1,Machine 1,ABC129,0.0,150.0
2025-12-11,1,Machine 2,None,0.0,0.0
2025-12-11,1,Machine 3,ABC137,0.0,0.0
2025-12-11,2,Machine 1,ABC135,0.0,5100.0
2025-12-11,2,Machine 2,None,0.0,0.0
2025-12-11,2,Machine 3,ABC137,0.0,0.0
2025-12-11,3,Machine 1,ABC129,0.0,150.0
2025-12-11,3,Machine 2,None,0.0,0.0
2025-12-11,3,Machine 3,ABC137,0.0,0.0
2025-12-12,1,Machine 1,ABC135,0.0,5100.0
2025-12-12,1,Machine 2,None,0.0,0.0
2025-12-12,1,Machine 3,ABC137,0.0,0.0
2025-12-12,2,Machine 1,ABC129,0.0,150.0
2025-12-12,2,Machine 2,None,0.0,0.0
2025-12-12,2,Machine 3,ABC137,0.0,0.0
2025-12-12,3,Machine 1,ABC135,0.0,5100.0
2025-12-12,3,Machine 2,None,0.0,0.0
2025-12-12,3,Machine 3,ABC137,0.0,0.0
2025-12-15,1,Machine 1,ABC129,0.0,150.0
2025-12-15,1,Machine 2,None,0.0,0.0
2025-12-15,1,Machine 3,ABC137,0.0,0.0
2025-12-15,2,Machine 1,ABC135,0.0,5100.0
2025-12-15,2,Machine 2,None,0.0,0.0
2025-12-15,2,Machine 3,ABC137,0.0,0.0
2025-12-15,3,Machine 1,ABC129,0.0,150.0
2025-12-15,3,Machine 2,None,0.0,0.0
2025-12-15,3,Machine 3,ABC137,0.0,0.0
2025-12-16,1,Machine 1,ABC135,0.0,5100.0
2025-12-16,1,Machine 2,None,0.0,0.0
2025-12-16,1,Machine 3,ABC137,0.0,0.0
2025-12-16,2,Machine 1,ABC129,0.0,150.0
2025-12-16,2,Machine 2,None,0.0,0.0
2025-12-16,2,Machine 3,ABC137,0.0,0.0
2025-12-16,3,Machine 1,ABC135,0.0,5100.0
2025-12-16,3,Machine 2,None,0.0,0.0
2025-12-16,3,Machine 3,ABC137,0.0,0.0
2025-12-17,1,Machine 1,ABC129,0.0,150.0
2025-12-17,1,Machine 2,None,0.0,0.0
2025-12-17,1,Machine 3,ABC137,0.0,0.0
2025-12-17,2,Machine 1,ABC135,0.0,5100.0
2025-12-17,2,Machine 2,None,0.0,0.0
2025-12-17,2,Machine 3,ABC137,0.0,0.0
2025-12-17,3,Machine 1,ABC129,0.0,150.0
2025-12-17,3,Machine 2,None,0.0,0.0
2025-12-17,3,Machine 3,ABC137,0.0,0.0
2025-12-18,1,Machine 1,ABC135,0.0,5100.0
2025-12-18,1,Machine 2,None,0.0,0.0
2025-12-18,1,Machine 3,ABC137,0.0,0.0
2025-12-18,2,Machine 1,ABC129,0.0,150.0
2025-12-18,2,Machine 2,None,0.0,0.0
2025-12-18,2,Machine 3,ABC137,0.0,0.0
2025-12-18,3,Machine 1,ABC135,0.0,5100.0
2025-12-18,3,Machine 2,None,0.0,0.0
2025-12-18,3,Machine 3,ABC137,0.0,0.0
2025-12-19,1,Machine 1,ABC129,0.0,150.0
2025-12-19,1,Machine 2,None,0.0,0.0
2025-12-19,1,Machine 3,ABC137,0.0,0.0
2025-12-19,2,Machine 1,ABC135,0.0,5100.0
2025-12-19,2,Machine 2,None,0.0,0.0
2025-12-19,2,Machine 3,ABC137,0.0,0.0
2025-12-19,3,Machine 1,ABC129,0.0,150.0
2025-12-19,3,Machine 2,None,0.0,0.0
2025-12-19,3,Machine 3,ABC137,0.0,0.0
2025-12-22,1,Machine 1,ABC135,0.0,5100.0
2025-12-22,1,Machine 2,None,0.0,0.0
2025-12-22,1,Machine 3,ABC137,0.0,0.0
2025-12-22,2,Machine 1,ABC129,0.0,150.0
2025-12-22,2,Machine 2,None,0.0,0.0
2025-12-22,2,Machine 3,ABC137,0.0,0.0
2025-12-22,3,Machine 1,ABC135,0.0,5100.0
2025-12-22,3,Machine 2,None,0.0,0.0
2025-12-22,3,Machine 3,ABC137,0.0,0.0
2025-12-23,1,Machine 1,ABC129,0.0,150.0
2025-12-23,1,Machine 2,None,0.0,0.0
2025-12-23,1,Machine 3,ABC137,0.0,0.0
2025-12-23,2,Machine 1,ABC135,0.0,5100.0
2025-12-23,2,Machine 2,None,0.0,0.0
2025-12-23,2,Machine 3,ABC137,0.0,0.0
2025-12-23,3,Machine 1,ABC129,0.0,150.0
2025-12-23,3,Machine 2,None,0.0,0.0
2025-12-23,3,Machine 3,ABC137,0.0,0.0
2025-12-24,1,Machine 1,ABC135,0.0,5100.0
2025-12-24,1,Machine 2,None,0.0,0.0
2025-12-24,1,Machine 3,ABC137,0.0,0.0
2025-12-24,2,Machine 1,ABC129,0.0,150.0
2025-12-24,2,Machine 2,None,0.0,0.0
2025-12-24,2,Machine 3,ABC137,0.0,0.0
2025-12-24,3,Machine 1,ABC135,0.0,5100.0
2025-12-24,3,Machine 2,None,0.0,0.0
2025-12-24,3,Machine 3,ABC137,0.0,0.0
2025-12-25,1,Machine 1,ABC129,0.0,150.0
2025-12-25,1,Machine 2,None,0.0,0.0
2025-12-25,1,Machine 3,ABC137,0.0,0.0
2025-12-25,2,Machine 1,ABC135,0.0,5100.0
2025-12-25,2,Machine 2,None,0.0,0.0
2025-12-25,2,Machine 3,ABC137,0.0,0.0
2025-12-25,3,Machine 1,ABC129,0.0,150.0
2025-12-25,3,Machine 2,None,0.0,0.0
2025-12-25,3,Machine 3,ABC137,0.0,0.0
2025-12-26,1,Machine 1,ABC135,0.0,5100.0
2025-12-26,1,Machine 2,None,0.0,0.0
2025-12-26,1,Machine 3,ABC137,0.0,0.0
2025-12-26,2,Machine 1,ABC129,0.0,150.0
2025-12-26,2,Machine 2,None,0.0,0.0
2025-12-26,2,Machine 3,ABC137,0.0,0.0
2025-12-26,3,Machine 1,ABC135,0.0,5100.0
2025-12-26,3,Machine 2,None,0.0,0.0
2025-12-26,3,Machine 3,ABC137,0.0,0.0
2025-12-29,1,Machine 1,ABC129,0.0,150.0
2025-12-29,1,Machine 2,None,0.0,0.0
2025-12-29,1,Machine 3,ABC137,0.0,0.0
2025-12-29,2,Machine 1,ABC135,0.0,5100.0
2025-12-29,2,Machine 2,None,0.0,0.0
2025-12-29,2,Machine 3,ABC137,0.0,0.0
2025-12-29,3,Machine 1,ABC129,0.0,150.0
2025-12-29,3,Machine 2,None,0.0,0.0
2025-12-29,3,Machine 3,ABC137,0.0,0.0
2025-12-30,1,Machine 1,ABC135,0.0,5100.0
2025-12-30,1,Machine 2,None,0.0,0.0
2025-12-30,1,Machine 3,ABC137,0.0,0.0
2025-12-30,2,Machine 1,ABC129,0.0,150.0
2025-12-30,2,Machine 2,None,0.0,0.0
2025-12-30,2,Machine 3,ABC137,0.0,0.0
2025-12-30,3,Machine 1,ABC135,0.0,5100.0
2025-12-30,3,Machine 2,None,0.0,0.0
2025-12-30,3,Machine 3,ABC137,0.0,0.0
2025-12-31,1,Machine 1,ABC129,0.0,150.0
2025-12-31,1,Machine 2,None,0.0,0.0
2025-12-31,1,Machine 3,ABC137,0.0,0.0
2025-12-31,2,Machine 1,ABC135,0.0,5100.0
2025-12-31,2,Machine 2,None,0.0,0.0
2025-12-31,2,Machine 3,ABC137,0.0,0.0
2025-12-31,3,Machine 1,ABC129,0.0,150.0
2025-12-31,3,Machine 2,None,0.0,0.0
2025-12-31,3,Machine 3,ABC137,0.0,0.0
